Name,Address,Phone,Website,Category,Price Level,Rating,Description,Image URL
Upstream Brewing Company,"514 South 11th Street, Omaha",(402) 344-0200,http://www.upstreambrewing.com/,"restaurant, bar, food, point_of_interest, establishment",2,4.4,Beers brewed on-site plus American pub grub in an Old Market space with pool tables & shaded patio.,https://maps.googleapis.com/maps/api/place/photo?maxwidth=400&photo_reference=AUy1YQ1t-czHN1Tv-O4LFHt3hEBeyxKZ5GLQYcY5_iWUymSuBZHH31uQabYXcB_WTH_jToYO3pp6e0VGLZutTgwOjI8sSlVYIh8zhEzslwYOy1rw_Uh2ays0h3wE3qIhxfccac3xVFW3SOam_tEtbMel4uykqTe1qFY4uWWYppFgUCpMzF00E0Zuvx9CfGxHkZWtkC9949wa9N-3NVW5-pkXyGw1B5G5jJSmaLhNZCfnVkK5MjUFD3hd7LAYT8MhqbGLXxfLfr0QBmGGQQgIjc-aLRA225OOeq9E-i0Bpz3QUfCXRa-kNjxvoZLv25ReVJh9jVcA9FT1e3nVWvMvU4-dwvZ3F12sm8TIOPw5QEUs1WrPHwAZB2G7AE0xgnN0FADpari86uzypMM-iN-d_9mW1YDbpx3B1QeCeTN2bA86o_KTLBef7lAVGlpl6YjY401xmTDL3h3eqMiIOK6RFes8QsbSthpgzg_WUvuUbj9JUrr4Vk0MT4myL5DirIS7-GFFUb7uxz3xvbpzPOikZFz82gbPXQmoI2txX6wItVHRdTOZJLXqDI1goekuWhgoyxrcg7thFuIaaLx2GGGYRW3-R2-09Znf9LZnC1QYQk7Wb-UtfEghmZjrW_E3Fpg1Okp9NiM7I8Mw&key=AIzaSyDqL2H_7mbVGT2KKiiAL6bgGIM866Grs-M
ACX Aksarben Cinema,"2110 South 67th Street, Omaha",(402) 502-1914,https://www.acxcinemas.com/,"movie_theater, meal_takeaway, restaurant, food, point_of_interest, establishment",N/A,4.4,"Locally owned movie house featuring 10 screens along with an American cafe, full bar & party room.",https://maps.googleapis.com/maps/api/place/photo?maxwidth=400&photo_reference=AUy1YQ3kzb_jYIhpmfJ9kdtt7m0uJkdYtQvZBUBp49CA8hIz3OsAuIVXMbzdLw_9cxWOCTu-UQ0GmmQhkoaXABJelk7SwRFd0zSuDRPDWdIqBGBuCwUM7KaNMR9X4ZdWzOfAeIXca7p3xBy0OujEoMkIgHw7YKW0MwFWLQ4rbxbmtcxEFyNSrA3j1uZ3ruTlnbx_5CXNQ81_6-OUmRsa9fEgs4nc8DQFSdDmKgZHhuklxCzJ_j0mVAVVh957DwB40GZvyvZSBXdTdG8-S0QuKnsfN-hzRWXB9lxyxxOF93kSW1p_zDw-xssxA3dcsKWbrYXt7KSDsetahKI&key=AIzaSyDqL2H_7mbVGT2KKiiAL6bgGIM866Grs-M
Blue Sushi Sake Grill,"416 South 12th Street, Omaha",(402) 260-8444,http://www.bluesushisakegrill.com/,"night_club, bar, restaurant, food, point_of_interest, establishment",2,4.5,"Modern, clubby restaurant featuring sushi & Japanese tapas, plus fancy mixed drinks.",https://maps.googleapis.com/maps/api/place/photo?maxwidth=400&photo_reference=AUy1YQ1BnO44mI8Oy8VEGO-95mzpgebQnQWmA1wcNLkJ5cepKYWf0b4OPW4D81ofkt7cHmwGNqcMCmC8BWn4-7azyU26oIutNVisNaw0dZpT2-HIM8svYWFNLnAdroymh4ddCAhRvZGkqpcSfUMySH2PzaE955BDwHXS5dKYwgnuEGQkqae0GE2W3Mt4LXz-9nrz-EeSAEsPcfFtVf1qBOYFBjvnuJ3AXYGcsmTQsGPEdj0N7dWgjiwloQcJB_TowFEOgZbhkBbwOJRUebg0d4bzTP3qynCR1O2BrrZfuS4y0mF6tDng1CD008J654gqKMrg8asSVS7BAAw&key=AIzaSyDqL2H_7mbVGT2KKiiAL6bgGIM866Grs-M
801 Chophouse at the Paxton,"1403 Farnam Street, Omaha",(402) 341-1222,https://801chophouse.com/omaha/,"bar, restaurant, food, point_of_interest, establishment",4,4.7,"Prime cuts of beef, seafood & a large wine selection offered in an elegant, clubby setting.",https://maps.googleapis.com/maps/api/place/photo?maxwidth=400&photo_reference=AUy1YQ39KA50CnzAKcjeQGU9SAzKsG3cFsKa1Vq484YnOjr8PDeenADm7caiTBT5WRQoE_xWTU-G9GPJ0qp8QnwXhdLIv2xqQBKFsHKrk2ea2SvK4QNsY3QCFj5PqCodZRH5MSzLjd7BK6DyKtg2JSKYTGbMR_sOZreq9zzEsKkIPpRf48bQyp4grN_xSkcDGOqg3MlqBhNqAHy9ZR_KlyPsREue8k_RjRuit9kEgZrvSu_zOPbhntTDbyjgS3p9jLfVlqaxA09rSUr1OuhPkP5wdAu6VimaEs4SlmOBgUMqbTfYlrnrG6Oa0Pq1nSuV07iYSBdyAjkyDG8&key=AIzaSyDqL2H_7mbVGT2KKiiAL6bgGIM866Grs-M
Spaghetti Works,"502 South 11th Street, Omaha",(402) 422-0770,https://spagworks.com/spaghettiomaha,"restaurant, food, point_of_interest, establishment",2,4.3,"Casual, family-friendly chain eatery offering Italian classics such as pizza & pasta, plus a bar.",https://maps.googleapis.com/maps/api/place/photo?maxwidth=400&photo_reference=AUy1YQ0nmHeEz1wh63JJREAMnegWAdEl-WjWiyvyp3DO332xvcw74zew3rx-wf1Ql-2XHHEl1gT70qTMTT_1VTEV8P29GwoJLeEtegynQjXzKgzY-XYcy63wji6q_hQ3yUQHpDs4CBuHEcCU9L_q41dWOO_ZtRCRZh2MsVC9WLCMhBHsH0A5Gp5Bvj5btYq6kc7Czg9b6Zyj11bK5rt_xMM34qiKfVN6xXRtCrMLOyuEK9aa_70UCC08tLiGuFyJ71K9DvIXup29P08GuyDzKVYiynB2QJryMEYfwmtAcMuVrBhUkBtSdgNRndjWcgrLJ5-pJacWybdDtik&key=AIzaSyDqL2H_7mbVGT2KKiiAL6bgGIM866Grs-M
Jason's Deli,"7010 Dodge Street Ste 101, Omaha",(402) 551-2233,https://www.jasonsdeli.com/locations/ne/omaha/7010-dodge-st/,"restaurant, food, point_of_interest, establishment",2,4.4,"Deli chain featuring specialty sandwiches, salads & other health-conscious fare.",https://maps.googleapis.com/maps/api/place/photo?maxwidth=400&photo_reference=AUy1YQ0lI1CrloKQNVTdKs5rYmbwhWyDKMtYG0bwxlzg2P57rg6zZklS9EYmt1gGXZpHExEVRXb8jXE8CevR_Sgj9pwTtFTM1c_o7ie3eLGHfBSH8enU-mwKEgLv3IG4YAHmQw9H-LgIw3_5CCNWUxLzGoLdGwEIBqWHF2SU_ZdeDK31lfhxPXkyPiIEUgr-dfUXCloPyuNvcYtdReGFM8ZKCf0_4KZLroU4xbNWeyoLAJh8ZZWg-AOeYNo2WRzeYresVt0UfV4In0IRyqhTzu0-andktkFYt6LSc2UbPLf9XT15ZsbNrG0q3LT7yXIrDaUr4uMlg2yWNsTxw53Znk0RJQg4HNL0kxxvo2NOFKY4izOcqou-fzuJXq9659mK9hcuzqknX9x6--YLhr1Eo7l_pefFPwZMUwv0xX_BVymS_oembzvkmqjbSgqx5LD0KkZQMkcazY1fyiF8_Jd-1B6ClHbCbV8MXXfmf77vK6odSCsljL4KO619qLZxI6ZjW4lZlAjRX3XqTRKl_WGryD0L3Brr6mURRyqqnphanBnhVSeJ0R-TXJOUJ5r-RA7Bm0sp4zZUr8gSA1Q42ntkmU4-drST1K_dYE98lKQqegQsBWsJS8oW42obftiBbWOgkj7HCGMXB96y&key=AIzaSyDqL2H_7mbVGT2KKiiAL6bgGIM866Grs-M
Pitch Pizzeria,"5021 Underwood Avenue, Omaha",(402) 590-2625,https://pitchpizzeria.com/,"bar, restaurant, food, point_of_interest, establishment",2,4.5,"Sleek, modern eatery featuring Italian specialties fired in a coal oven, plus a weekday happy hour.",https://maps.googleapis.com/maps/api/place/photo?maxwidth=400&photo_reference=AUy1YQ0cDay80oaCC505dt4T5PjKz5tyXuupr-LtDGqq3MftaqRVvPOvAVhCOrrTspBaSqCpdnDJYx4drQirTJOocf7Kkb9W7Q1RLu86ssi-6La2YhO4-fOFMTySxwa_5IuVDiMGM6KHofJMHeZ1M59vNOhIJnLCc6YSFDExdIFLItKnFgDuYg9ArNYErHNKat06vCEg4t80ybIzFUNF8m4ZdKU-jh8DibJwF0GmBz-oPqaA40ya0gR8bg6ThkT9cj0V8TCpMnI323nRrux35zamx3qqBV7DwmTriXA1sexxfhXgUvnHB7rqx34jFq8E6M3lZaBPm97H-cA&key=AIzaSyDqL2H_7mbVGT2KKiiAL6bgGIM866Grs-M
Crescent Moon,"3578 Farnam Street, Omaha",(402) 345-1708,http://beercornerusa.com/crescentmoon/,"bar, restaurant, food, point_of_interest, establishment",1,4.5,Well-known corner tavern pouring dozens of top beers from around the world alongside pub fare.,https://maps.googleapis.com/maps/api/place/photo?maxwidth=400&photo_reference=AUy1YQ135OrJksTWcs6rlQFW0L8itMC3SKcS3bpx9VZt49tsYlfwIskKLp2r0Roc5fi8RzQ174qz_k7AaNDOiChqRhDFqR2ScMfGAUyfQ342UG-ofXmdS9B-B9_-AUaeYefoIR5kRMrFxxlP2AqgRKfdy7YHs2-dtVJ5Hf7gI4zK8sEcwfcTFQo2EHXvy2vkGuD84Ee4RZgYe19ub5Ttrn8-wTYM-zhgYoMuaodBhoP9elZq6VrrOPJaEHsj8gBtjbM8NlsH2jbdpzYhrKwk-Y23flNearZUkTluYwjzWaA8cSJ2UOxVMSUHt6vSVRWe-PIoI5SY6OgDkFJKCkE1XxLXB-C4WtRafy67WBNbvGyW_5KhkxVUVEcdUvb5AreG1vZ8BGf-8X54B-YTYVvrDbN-OJgs4Tc1lbWwwA9ON3fRAZsbHQYKFtxCXSQT8X3Xf0xToIhBzr1tWykPVfHVHk4UufLYhC7z_gxGsa6L2ZRctqBxWVuyGm86MrADguLEbSeA0l8RrJVtBrCMjdzEGm25dAAkVSTwpRj6lCPZC0w0LGSa41wbeOxSQscxXCpq89piRTJ-bwPd6FKwE1XtB3jn88q4jyiX1qKWbWFPdhd4csMKrlCzy4Fa8KY3xjMOiona&key=AIzaSyDqL2H_7mbVGT2KKiiAL6bgGIM866Grs-M
The Old Mattress Factory Bar & Grill,"501 North 13th Street, Omaha",(402) 346-9116,http://www.themattomaha.com/,"bar, restaurant, food, point_of_interest, establishment",2,4.4,Happening sports bar supplying American pub chow in an 1883 venue with live music & special events.,https://maps.googleapis.com/maps/api/place/photo?maxwidth=400&photo_reference=AUy1YQ1AMTSY5KDXg1WxCMSIYhMti2tvP0DYjjoFjlAkfrvMx0xY4ZLA2RbG209xABTAM0Cmr28npm2zispGz6aMwOXGdUOTsBihFzZYoehneZAMXoZnRxRHb4U9zCVGWI5RbX1kiJ5ybhdZB6dDoIGR4Md6N6hGvsM924J8O14GBuaS02Mvo-7vE-M8YiIVkLt-etbYqqfeIGFmEOoN0Enl_hwH5ZgZUcW7MlaFU9xoAABpjSUt8u4bTdEFw9ESFvVMfiM__BMUw2uJI3_xY6Zbj6Aks_9p6oJHHjKbzSAlZuCKfOq8hrzNBatMzz2iZzh5qc6__VbwSuU&key=AIzaSyDqL2H_7mbVGT2KKiiAL6bgGIM866Grs-M
DJ's Dugout Sports Bar - Downtown,"1003 Capitol Avenue, Omaha",(402) 763-9974,http://www.djsdugout.com/,"restaurant, bar, food, point_of_interest, establishment",2,3.9,Local sports-bar chain serving pub grub & American food in a contemporary space with multiple TVs.,https://maps.googleapis.com/maps/api/place/photo?maxwidth=400&photo_reference=AUy1YQ2UxECGn8uZ0ZKcPdN-lHcgbA5Iwftsgw6Ws3gSqmW9xfTBlxeDvQLywFeA-ARN22DlZzmR7rBEIK0mgmMOcsuxj9K1Ram6mU5ADOVqW7q8yfg_W5-47SdTAL-1UnmQN6oV21hMFecHjx3iTzuJrxaFyO5WVyI1LGsqGTCzs82lnlLtD2oePOppIuubg_0r3LINEHXtixsAm2lJQzf9IePcp7EwHYvZt6xNanr-moVxqY2K-hQlrr3ZaReu6wtPo-jhIwTkp67vHpoolPaHb7Uvao7vaSatZ_qwjYRWtc6DUPsOSzCSAgOYaYlE92up8mWR68A-vwURH25NvGg6bkGkgJzL-vO2oDhhPOKMnIu69D01bskosiDo81Do8gIRahtZ_dXpjOGLLxZpbAlrMjEW0-5suYb0fuUaXMloydomHJD8RhYHeD7peII2VvC5RogpEru6TWQ57dnplTTz-4CR74a6LQx7lul57DfnWnkNFGa9sUx5ItvVoJWScck2_1M1n_gHTzAJyOHwMBYuNoxL7QtRYolX8qTxQOMBjDehHOXDdbVLrbq3UkH7CyXVxIU_KtyNSAyKba2yZIrAem-SEBZdZUdIh2xhvzLBrD3w6RFG_GoNYhMaJUMYGNBm5hS1gQ&key=AIzaSyDqL2H_7mbVGT2KKiiAL6bgGIM866Grs-M
Sullivan's Steakhouse,"222 South 15th Street Ste 152 S, Omaha",(402) 342-0077,https://sullivanssteakhouse.com/omaha/,"bar, restaurant, food, point_of_interest, establishment",3,4.4,"Steakhouse chain serving beef, seafood & cocktails in swanky surrounds with live music.",https://maps.googleapis.com/maps/api/place/photo?maxwidth=400&photo_reference=AUy1YQ2S9DtmnFvzXaCcI44_BBjyWhSexulxjjozrPGNh75PY8pD-7H1dwlo7rUfw08r9qHvvwiLLTlV2hucsy5UTG4t6abm0C3oQheRHZeAe4Rm7O2pEeOD6PdzVHowoiUTG7A5bu-kFpGV2UzgFa9Em-IFCy7stfW9U6zHMQyKZUmfG9bgsQtrElv5D_LMttW8rdtCaD0SLufJ1PLjLUlpJM61MqK_7_x1oe5RPWXqvlEmiH8wF8We_s34tiD-EQn8htWlUxM0SYJF3lTKyI5lHijPi1Fzabp7fVwkH2T0ELy1ZUMoz4X2gx5lfdmCCs5YSi_gVxUX3_M&key=AIzaSyDqL2H_7mbVGT2KKiiAL6bgGIM866Grs-M
Subway,"901 North 24th Street Unit B, Omaha",(402) 345-7808,https://restaurants.subway.com/united-states/ne/omaha/901-n-24th-st?utm_source=yxt-goog&utm_medium=local&utm_term=acq&utm_content=2987&utm_campaign=evergreen-2020&y_source=1_MTQ5MTcwMTAtNzE1LWxvY2F0aW9uLndlYnNpdGU%3D,"meal_takeaway, restaurant, food, point_of_interest, establishment",1,3.8,"Casual counter-serve chain for build-your-own sandwiches & salads, with health-conscious options.",https://maps.googleapis.com/maps/api/place/photo?maxwidth=400&photo_reference=AUy1YQ35wXMH9n1rylmpfKF6UEB15dd9h3MFbwVf5h37mTc8_1lpsbLIqTgDOx1DGWv9ifdK7puLbiARlO0NU_yNhFURXl2dSUVXsM3KCCyZBN_1XEKTOMbkWisK-j1h5NJofZBs7fkqA2bd8MU3O1SlRaAJqIovAXpDgDZgAgFT0a7ZDq9Allpm8V9C-_fpdK2m2v8wBchqVgL6O94GRsrlegN3pBEwI9f45iVNgNSX_3tn-Xt6a7DoEhi4sNZsBte1mPEXRIe1urVePSMH8s6IXU1VZ-f81N3hVA2XnABkD0c9NDpjqfkVDbPCQdpFtgzocNtACdu1jpCsp0a0jgObxc_4Dw9lci6wBkAa-d4rUY1cdL5jTFks1TxCzQOBrPn7FkSgBqBk7ysDdHpIFNAbEDF4vVxmPnAfOwII1Lb6btAfsxPgm05SmNoGpwLezY530y4ro7lh9VA8JJS0u0ARhyjT8hV8ZgJnrGRnh-9aglmTCt40U6_GQ7Z0qfaQfPSpVPONtpzJ4tJ5kLY15kTRzYlj1z13_4_XWTyLanWh32DPPEP7o4-tM-hlmC1YGhdceO7Ku1USseVPUqIyyBab9p20BfG_FbhlzG1ZXybETBc9qtM-UN66YviazePmV_2f&key=AIzaSyDqL2H_7mbVGT2KKiiAL6bgGIM866Grs-M
Subway,"210 South 16th Street Suite 105F, Omaha",(402) 341-9981,https://restaurants.subway.com/united-states/ne/omaha/210-s-16th-street?utm_source=yxt-goog&utm_medium=local&utm_term=acq&utm_content=24294&utm_campaign=evergreen-2020&y_source=1_MTQ4OTkyODItNzE1LWxvY2F0aW9uLndlYnNpdGU%3D,"meal_takeaway, restaurant, food, point_of_interest, establishment",1,4.1,"Casual counter-serve chain for build-your-own sandwiches & salads, with health-conscious options.",https://maps.googleapis.com/maps/api/place/photo?maxwidth=400&photo_reference=AUy1YQ1IFaMrXoK9C4PeoGs09m-fyajdn58biFWZIecwfZcJ3VAICHB54SpGUUT3tFW1NvHeKcJffqo1FOH7yiDNK2ldnR_y9EK1-xdMucYc8UwEALT6MQ21pdnhavUcmz7-XqB3zF_9dmXMKKYBABY5szgQRklN5M4rc4cuLFEEQhN1RXETEBUwnSvLQn4DxSveSRkPJGi3xe08NKwp1bjklgue7IS-WQV3nGSCBk7NxSZhsvdgXcCnyoSPFv1FIdJU6iwuwGFaNUYiCjiO8phHUcV9zws6uQKPRhNZndHoHOsgUh1IX_sme3x-8Vp3kVztMoMU2LP36q8&key=AIzaSyDqL2H_7mbVGT2KKiiAL6bgGIM866Grs-M
Spencer's for Steaks and Chops,"102 South 10th Street, Omaha",(402) 280-8888,http://spencersomaha.com/,"restaurant, food, point_of_interest, establishment",N/A,4.4,"White-tablecloth chain restaurant specializing in upmarket chophouse fare, seafood & fine wines.",https://maps.googleapis.com/maps/api/place/photo?maxwidth=400&photo_reference=AUy1YQ3uGr8VS53SU_178xI-j703VnMwzaQY-fShWV9lw3u0mHaS6oDbZUFCE9ooRxDuMr1rXVWPsz6UjeRizPfy-fGvq3M1B92lD3YcoOyR9tiD_YOFt21krnbrxxzpjhnUjSxsmlzWq6VNVD0WK2SaOMIF2AmPA9RGwbuCzz8t2Kdr9Q2j91TEsX0SmjcaKfUiAzYcfnMrJC_I2yB9zlHipw1ND9Dhcui8f-OI6404y-rajFjJN390ndTVaPc2MyxWS7LEkF34A-shYHpoWVKvSeFhpwWqmcrENLoKCInX-qyymJaDYU66H4iKBwUL2j3gVzoq2OJ7rqUA6CNj89LD_OPL99HMAZlRydw7gNb3GMIQDBePkmi56o92EbVry69kzZKC2zebclY9Kfb1SeQ4i7lx15cD77615WH8IaXB0iNDsSmEtBefLIh5SqbIbGMDHT3s5-MU1cTnL8bKKOm5u1m-d_NQFg2CuC2iWJScs_szOuzSZZN3wvVhoSZUW8GzNX4CeILRm0cqK2fSaaHMvIRRUnQwB2vBluppUbszXpbG9siKrDLp0ZAw45L0vft-wQEIOHBEkJ3bRBfaTc70ZhYaymN2RRMQUu2HiWoKspo31mdDKJlSBukUG3WmWSVhxvmoCQ&key=AIzaSyDqL2H_7mbVGT2KKiiAL6bgGIM866Grs-M
La Casa Pizzaria,"4432 Leavenworth Street, Omaha",(402) 556-6464,http://lacasapizzaria.net/,"restaurant, food, point_of_interest, establishment",2,4.4,Old-school institution serving simple Neapolitan-style pies & pasta in the same location since 1953.,https://maps.googleapis.com/maps/api/place/photo?maxwidth=400&photo_reference=AUy1YQ22gG7Nub6Xbkpi2nT_tt4jTCQGQLkvd7H6ioaRNzjDCm-Ab9AuQJP-YYcL_fJquUW5wV0GWVGZy2FBzEFh7rINOW_NpBIUKtoxLIrifAy4SO0AlRBKOC1g_XyWQn39-hH08LenFIGJ5LZlTNVKm7ESYKbVQOet0INmieCHC9HQvTm6r5FtnmSJ2iymfGmZsQRzhInXGleZMi3CH8KPLqsMsprGCQjipjmm2S-5PSoRbaLzYNPJPl47PvEhlCP67Yt6F2A3cs1jjKxXER906euOeHwc6zXYzKzln2Mb_RMi8iTP7tgBq8z7FLN9CtAdcbjYfalL3YE&key=AIzaSyDqL2H_7mbVGT2KKiiAL6bgGIM866Grs-M
Olive Garden Italian Restaurant,"7505 Dodge Street, Omaha",(402) 393-8404,https://www.olivegarden.com/locations/ne/omaha/omaha-dodge-st/1302?cmpid=br:og_ag:ie_ch:loc_ca:OGGMB_sn:gmb_gt:omaha-ne-1302_pl:locurl_rd:1228,"meal_takeaway, bar, restaurant, food, point_of_interest, establishment",2,4.3,"Lively, family-friendly chain featuring Italian standards such as pastas & salads.",https://maps.googleapis.com/maps/api/place/photo?maxwidth=400&photo_reference=AUy1YQ253_t6ikXthD8_ng6H-7zXAmXqL3Neftx7lhB9nFyFjIj7G-Kz7P5yf0gHyi7f1TuPzZPLhzPNTcypOkK3pPtbN_0CB1JaoxFp4Tbhq043g2tX26XqmSNkLkX8RaRO9my2VAeS3A_fMLfD7bQ1Ce5qh1wpkjNaZpGXeT6ZfqFjnyyXeLwnZ_0fR1R2t2nJymIhYREv5Zo2jz6Dc5U4zoB2_AMM7qXgiYdNGMBb8RD0K6WZjXe-cNb-D9kl_AOxplW8dSI3FHbVIMZv4TfoxFeVSp-M1XPesnoTpRo23oQbmdxAPUiPOxD3bo5kH6gh0mZvB3LqpZbj3k-aAmu4APRIV3lU9PvNQoI7PL7uRaeHyrShoK-4daOPI0sYmpdKk8ujFodCtQXxzEOKMN3zBxyTInC4FVZF7dRLCethaM4n2_FyV475UZbmqkOV2sS5RFbcTNbfk7bFlVB-ZwnJwvqKaqNrNdyAfMrErTx_yht2VhyuFzGxKCwuJd16hsHWEk2VNOdQ9eUtvQ75XUxl5R1gBx8rdqq3_IF1u6tdR-SpzX24r8Mb-WiLjAOz4g8zVVwRSxRV-hoIJBCcsv96IajMG5L8Fs4bVQKB7qMfHEBwWKiKlW9i2f31_aOYvdKu6qJyFVX5&key=AIzaSyDqL2H_7mbVGT2KKiiAL6bgGIM866Grs-M
Subway,"5005 Center Street, Omaha",(402) 551-4416,https://restaurants.subway.com/united-states/ne/omaha/5005-center-st?utm_source=yxt-goog&utm_medium=local&utm_term=acq&utm_content=10179&utm_campaign=evergreen-2020&y_source=1_MTQ5MTIyMTMtNzE1LWxvY2F0aW9uLndlYnNpdGU%3D,"meal_takeaway, restaurant, food, point_of_interest, establishment",1,4,"Casual counter-serve chain for build-your-own sandwiches & salads, with health-conscious options.",https://maps.googleapis.com/maps/api/place/photo?maxwidth=400&photo_reference=AUy1YQ391eTXssO5ywBbwdHHZSiaLvkS8T2ICXQspa5ojTsN-iPA_popY4ZNMGZjVjITJpS6HnS-RoXYuda86a-yrBrRIWTzRo84ZIkQEkZL3-fe1FAbaGYpLlBgdsJxadYkAMzHYitnUebymq82eR8RlAXKuCSfha0ihFf-ZBt5TivPIl6wH0BKi0DFu2UwrhnoyYgP6h41k_mHENEeknKzzQ3amBOaw2Do4731RvzYoccf9BGVD1ZqbxVkKwOSJDMBv40j_V4M1AByEDdWOVG5Con3LDkFwPaPa2cn-r5eua3A2tKP4USKSLN3w8_Wm8OxzB4hnkMhrIk&key=AIzaSyDqL2H_7mbVGT2KKiiAL6bgGIM866Grs-M
Johnny's Cafe,"4702 South 27th Street, Omaha",(402) 731-4774,http://www.johnnyscafe.com/,"restaurant, food, point_of_interest, establishment",2,4.4,"1922 chophouse with a throwback feel highlighting Midwest beef, including steaks aged on-site.",https://maps.googleapis.com/maps/api/place/photo?maxwidth=400&photo_reference=AUy1YQ1lrmflyIJxAP3DOkIe7uvdlGrgq7RteTZeuxjriuFuPLPmpmEPu3b8ClIrgj3Fu_X1rTHFQbTO8GREQ8esPXZR8i0CmP-ck4S3pno8b1po5QOJjCkT6FUNzfl8gWnj6L0hQT4Z6hcVyM2jKJwtmXtViSoKA3yNJWOTVvp1Xv5A9ziTfo-mxAohflgFIIJJCEJX091dsD_3wZmzdW-GMRDLF7Hn9xv79ShLKiups1bd46GY9uCtiaXqeR5Dz40a29IHiH84QoWEO1qgFO38vvo9ExT-xxG6OE6BXkJY3r9jKKp5zjfkR76MFRl6eTuCmVDR4-gcFZI&key=AIzaSyDqL2H_7mbVGT2KKiiAL6bgGIM866Grs-M
Jimmy John's,"107 North 40th Street, Omaha",(402) 614-4545,https://locations.jimmyjohns.com/ne/omaha/sandwiches-778.html?utm_source=google%20my%20business&utm_medium=organic&utm_campaign=website%20link,"meal_takeaway, meal_delivery, restaurant, food, point_of_interest, establishment",1,4.2,"Counter-serve chain specializing in sub & club sandwiches, plus signature potato chips.",https://maps.googleapis.com/maps/api/place/photo?maxwidth=400&photo_reference=AUy1YQ2a3U6MVG6yxDRym9HwCmyfcybZU_hGivf17OsKuizU5Tz-ZCBSa_IVVHyM3-8yORgcSlg5W5kfz9_aMwXXeWKQnBwNcXO2BU41Mz7MPTWNxwJh0Dz2wQjXlP8ADU00ThY6dsu8pMEMzFKi0R1KqZHo_V8aHY63HF-MfVdUyeSGM4jH-Uw13VKY7phHOgvQGuYUXLQArim3FS0tMFPwl-3LvTgN53scajxO0X0cLeFOmj_zX-v-9aEFgeQ6PrLoZtnIAqIR8K6YvAjOabdm3igHXgtqmFE0ZiALAnjs6HnJ86WsV_C2jLlayrfdUvBKHzWzZpplJmNHzkNZM1RQORUHNoznNY18040I6AIF4O8wvIBf63Rqk5h920wJzfNKD1613A2XLkH5fH6yiE9BqXm9FZtoSf1OjQ_C8pcha4xqcUinE1dp8-OtAwhR5PUigKDXtOxqhDADbgxLKZo9-m9kC_aCgX3A3Ec4TbNB89Qym18MprNhIZMWPf6607Kto-hQh9pC3RMl-v3hNTBfd7XGDhKA8hZVNASs4-XvRuWG9IeWh_AcQQnul8jh-qYE7rOv0OMdAHXHa4j3REpR9p2iNrUDoof6SAks8P6uBfGXOMqka3xYxLtTXZrzGL172pQFgg&key=AIzaSyDqL2H_7mbVGT2KKiiAL6bgGIM866Grs-M
Dinkers Bar and Grill,"2368 South 29th Street, Omaha",(402) 342-9742,N/A,"bar, restaurant, food, point_of_interest, establishment",1,4.6,"Local watering hole since 1965 featuring burgers, beer & dippable appetizers, plus plenty of TVs.",https://maps.googleapis.com/maps/api/place/photo?maxwidth=400&photo_reference=AUy1YQ14RC6LQkq_3fXtd0YnykyT9w3bjZr2MVo0SY4t6hNeCylHMzte3jwi3jQxQ2RktN_TquptVIHgndXXQFb-nyQhvQ9y4wbWldDibPgoSgGHuU-PxQx7fZfro8BaadBWXdDsX8NyErobkhI7eBtiBg9sTZ1W0mH1-jkrtvKCBecqDWN_YJCIXSeO4pTvDc191QmT4IHe_A2R8A-6VYDCd7sAME6kuLQjbflMgrpn37XP3dDdYe--Js9rl1A7FEWuXVRl9rFXLoTBQ7lqjpVSfAx6MfOYM-ctfsd_YGceJdVo7Owxp6GpsnfUYMScVu6u3x7nKFDOB0CfUTqH1WQ0z2Ut13ttB7cTTMfhgyyen4Tr-bjgrb3QEY1k1BJwPrkiH_N2cIj8gzMrPbDQ5VLqb6Nc8779UKMV4BsefdteFyrQ12eJQDdCPI3ugvlhdg7z0u49rhHFVN5d3taqzyDorGP9KrBJmVczoD9g1KiJ8xqvRmd3QMEwheYuyQ8ZiSXVnouLSXyi2OVKXDA3ios1LUO0OIG2KUU4g3ZR0tAvLxcYQEGCZhbphPJC13es_a3oyya_DqZ6JEhSlQdXII2FK5BHwRSnxnIWlQy5NWmACRwK1NOyrUilDiUHHW4ywPQLO-HM9hCD&key=AIzaSyDqL2H_7mbVGT2KKiiAL6bgGIM866Grs-M
M's Pub,"422 South 11th Street, Omaha",(402) 342-2550,http://www.mspubomaha.com/,"restaurant, bar, food, point_of_interest, establishment",2,4.5,"New American hub with a marble bar serving creative & classic items in a modern, industrial setting.",https://maps.googleapis.com/maps/api/place/photo?maxwidth=400&photo_reference=AUy1YQ0bujzLn0lB8nOLZxKSK9f7NU2ISjo2zBLpOUuQw96erZVf_caN7oMpVtjSxY_zbFEDJTI3B11C0iZUCXN1WW7oZJUkJBDTKlg7a3bOTfBmbKnUACxsYZYqW9ejG5PnmYDv3xnJWlDlidU4cf78yGAfzQgeRpejbu9ezN06OFOlL9TOVk_e9eXo9gMThsn3c8Lspwt2tsR2aEa-G0mg2WnmhGrlx_s4qRVTnqnVtrFirqFiYcUw_1sITKS8YU8LnfaSWi2_WsNChg9pCXYWvrD6pKUrjw_W8Wsv5QlkmoBKmiFkXgBSJmOg9L6pSASauwWxNS49i7Qko_qbBb2nSwJ7jh7UglK0t1eVZTASXxn_fJaH4q4msc4OTDgN7Tg3t9139FJ4wXKbTSR8nFnN7-3rZ7IFV7_M4BS15_tq6kc5E9DxE-rHeeM5YX3kmehN6qkzyPoywWyO2wKcIzzvt3h4OjKtKbaAr2os38MnCMXkgVWouE7S9-Mlw2_91xZpBP6BLb-gkexAZGltGCozGu6YPM1Hi2oO6LOtFgY6as4ukmaZhNFFV-XV75OjxNqZg_lrSg6iJNcxKllof3nqWoFej67-RpttwHdvevzIyxQBqxBIr7l7v1jZjGvKt-GjCv_l8A&key=AIzaSyDqL2H_7mbVGT2KKiiAL6bgGIM866Grs-M
Dundee Dell,"5007 Underwood Avenue, Omaha",(402) 553-9501,http://dundeedell.com/,"restaurant, bar, food, point_of_interest, establishment",2,4.4,Elevated pub fare & a vast list of scotch & microbrews in an easygoing taproom.,https://maps.googleapis.com/maps/api/place/photo?maxwidth=400&photo_reference=AUy1YQ0YBNIliC9VZ_Wsb8IBLDyiu4uNkRI62eKyrxWcP2eipI4rbTVO1vyB1fiOeP6x1wx6F-AZ3t1CAVPzwAQlCMMU992JWjbwYd9F3SJdTvDgQP6eXSheNLesbEYW4bZRGnTpeaBQ2mpGHPYzDfvUUBJQ-cNNLjAyHC9R-Dn6DAiei8KG8hlSGxQDpmotsexZdSI5calP_hqU8dXQ37mC8ShWYPbfnwHQl6mGF2bLiDgnDdyGcWJNSMKGi9520e2KU0ZFEpduv0ozkDQPCvCSR9T8-nFPKFzKzbp6S2-aolTNZ2LUS53lTh2hWE5yy1EbrY6cgsqkKgk&key=AIzaSyDqL2H_7mbVGT2KKiiAL6bgGIM866Grs-M
Subway,"2509 Abbott Plaza, Omaha",(402) 342-3155,https://restaurants.subway.com/united-states/ne/omaha/2509-abbott-plaza?utm_source=yxt-goog&utm_medium=local&utm_term=acq&utm_content=26915&utm_campaign=evergreen-2020&y_source=1_MTQ5MTAyNjctNzE1LWxvY2F0aW9uLndlYnNpdGU%3D,"meal_takeaway, restaurant, food, point_of_interest, establishment",1,3.8,"Casual counter-serve chain for build-your-own sandwiches & salads, with health-conscious options.",https://maps.googleapis.com/maps/api/place/photo?maxwidth=400&photo_reference=AUy1YQ1QfYsgyxvOmkiGDdbdbfWvVoGMa1wJv-m2QPpDtpJtEh-poncfjiCHrQUZ5oZGCg1V4DrvOhMcXivmiNFrLTtzIpajyn_Ht9jMvAIPLdlHTsOk_sXIy6DMFUHRhwSlikIpy1n5nw_Tx4QHgT1054JfBUHo3UwhRy6h5wOfgbktFK06rzP_slLeD5Em3a3IpsycUQa7Jphs8rDrcxx61PEnuUKvvVSKfxyjTHavLJ94nxDwXZqQu5xY6YToI0KKGU5K2HtXwXnQG7D13NhJRYxMZEZ2qdUI95SxuAiSAgO4O5n9RcuJIlxvApeZiqzw1RynXekI6fzTkYGIg_6aAtLANhQtQaoObDaVFFzt8DVw7m-T2iUUdJsDPGBINFusuCnz1pjSVjdb-xXEMxnc0fXdWIuydJ79--kK8syLLJLXsS9hbVJoMiYpI8Kpe59J_L_YMevu1Pduw3dTOhh-MzDh2xcXOpLJwdw5BrMqONE5fmn3GLWeIbKj_CtHYQD-YHN3DJCkb1p69kEtPTSN_eTXl-z-qhE7gT8cyQpEYF_F_vgwwsgL3WMk6Bk_SGgqGzLihnSWxTgQk2Dt7G9PnbTzWQzOraVZBeM6srXtHr7mGWm-IL7CQw3VS2iJUY-BlNrylA&key=AIzaSyDqL2H_7mbVGT2KKiiAL6bgGIM866Grs-M
Chipotle Mexican Grill,"201 South 72nd Street, Omaha",(402) 391-9979,https://locations.chipotle.com/ne/omaha/201-s-72nd-st?utm_source=google&utm_medium=yext&utm_campaign=yext_listings,"restaurant, food, point_of_interest, establishment",1,4.1,"Fast-food chain offering Mexican fare, including design-your-own burritos, tacos & bowls.",https://maps.googleapis.com/maps/api/place/photo?maxwidth=400&photo_reference=AUy1YQ0merzaLlnhumRmeoHg5Ii1XNMy5-Y7eEVB6nmovmrkr5rQgv96FNRIUPwErkex0r9BrGY0oi7wPw8Pn5-7PaNDCdnvoECcd5sOHSGVh4_8FwLcUIxeF5zDp-HPMEv8Tfqy9T1pAIAqzmrnipDd2LLDzV_jLwnuNC1-vmAlKXZzhA2VPdzZHuIfcYf2wN4N20VGBdcP-28EcGk_1VbY7gCrvRttHFc_Qe9PyL4hiB4Y03Y_REQ6IPGmFX9p2UrQEMYzG1JGa695jbcG3AGL4jJ4y6uFbt7QMNaFXetNq3BsFZH5STv76rH6aVAHlJUEmze3lrCF7eWaiY52MQ1kVZjtT5d2ah5KoAEXhP5nQ9SA2pG_1HjffocyFr7hS-m-jL9uONU19MjaW7D5Ullh6iZnCS-saFQd38ShZLXQ2MkZ0kklcP4XrfRnsvhq8jFID8qBHMUgPUii1r2Cqb2AvFbl2Q3zosbmF53f91AXYQj8HFVZs88LZu8pXkSyyctrDXFs-Q4CDeOq2qtVq0EiryZ2dCCfYi9RU9IVGMPwErhxiZtNqPzrhP9ux03r-nuCNQRPaN9jV9XKFlsh7uxU6LCV6Uajny4vDdQ4gwrkSJ3r6hRuQmQkm2tksm1bGmze&key=AIzaSyDqL2H_7mbVGT2KKiiAL6bgGIM866Grs-M
Spezia,"3125 South 72nd Street, Omaha",(402) 391-2950,https://speziarestaurant.com/,"bar, restaurant, food, point_of_interest, establishment",3,4.6,"Sizable, modern pick with a patio offering Italian dishes plus wood-grilled entrees & Angus steaks.",https://maps.googleapis.com/maps/api/place/photo?maxwidth=400&photo_reference=AUy1YQ2MZzR7cRIzc6-pa6P6frZCcrsmZ2CkX6rqcphKAXMCz79i04BY-iHO-7PaCv6DqOpZeh82CInAoVbjZbDzXxSA07j9bGmF4Gt2uHDiAVjSZckv8XOPMZ0Jvd9viaq9aQLNnXgQkIYGwRvsLenO2wNA0cd6n_tybF8gDF6cFQDY-QjhVj73ldrTm9xgwGh0H2VjaRyVMoihooFCW3lAZf2XmSKTz0cczzSyzsKYBJ8Cr9HLzNBup_AXOWRyrfdMTmuvwB29fVyYB7RZr-BPREQEuornTGthxIpiPf2vgW399Y7tvyF5ZCnKF-gAzepiC-aNjHWOj6o&key=AIzaSyDqL2H_7mbVGT2KKiiAL6bgGIM866Grs-M
Sgt. Peffer's Cafe Italian,"1501 North Saddle Creek Road, Omaha",(402) 558-7717,http://www.sgtpeffers.com/,"restaurant, food, point_of_interest, establishment",2,4.3,"Snug spot with checkered tablecloths, offering counter-serve pizza, pasta, baked casseroles & more.",https://maps.googleapis.com/maps/api/place/photo?maxwidth=400&photo_reference=AUy1YQ2H7l6_Vh-ZMIuT2l-vDSXz4KyPT1ybjbmskc7kC4UbmytMFy_LS2A63AjWcEwFlbTBnxHO5X98aU2mF2F7hihFsnxH7v7gjd8woLvkh9pTZEFAQ01UULbb3TuC8wl5zy-Omjmprz1OFi13P03MmmeOsfFaZLJrcEVYTDwh1JwWNdlxcZAGdY841pjQixyS38be3IAZHtYDypNuezfrthPc6RAEzArVk1UedkpZS__SOjpjTR1HwWzZONY6drxko60SNNo1kzj-d5SaRaQuf4UReKYs0q4-wWqZFQ-ihd3gm82KlPrsfxF2AUVHmU-AFBcLD2wnowOHuxg6TfcK_mj8jNuDAy6tIG14Fb7NvVBCNOD-Ow6vo0wUG4VoBvu7mFRV6Rq4wOKWX47538Ciy8m5dzX3RrPgBJw17zJ3YT1hIIXckBGZ7tXw-Al9IeafZ6itCQqk59hpbywkneQHgbUR4qbK7Bf9AfQ2izbnnVvuVoB2VyTxJ0iaauxkLrSdF0Knk2ISz0dVglEPVOgBpOZ93blwpfa-Rxqna2RibbrxG9Xxxldo0VKf1xvmDHGLB_2Kt7f2rqkLd7m65Gn2VABPJ_Mxon5Bg2pXiaegEmjvSUaYaEfF1V7vOgyZSyic84gPtqA0&key=AIzaSyDqL2H_7mbVGT2KKiiAL6bgGIM866Grs-M
Subway,"5048 L Street, Omaha",(402) 731-0861,https://restaurants.subway.com/united-states/ne/omaha/5048-l-st?utm_source=yxt-goog&utm_medium=local&utm_term=acq&utm_content=10180&utm_campaign=evergreen-2020&y_source=1_MTQ4OTU0MzAtNzE1LWxvY2F0aW9uLndlYnNpdGU%3D,"meal_takeaway, restaurant, food, point_of_interest, establishment",1,4,"Casual counter-serve chain for build-your-own sandwiches & salads, with health-conscious options.",https://maps.googleapis.com/maps/api/place/photo?maxwidth=400&photo_reference=AUy1YQ2IyaJzJtOOlx2d91lKIO7zfUDGs5oAazdb5yIlL_bE-6MrOhsKGWV9lWxY3ZOOwr-7nF3YZulXjmq_ScWdUQKT9_3iydJWxPS0dACQLjaMAfdB-3iUHt5FlGK4PW3We71LpE8fnX96sC2ZhwZDNokJitdkL0apzkx20TNg12z92YOKcCR441gOyspUk0V_si-yHVheRzrNxacotIul5XEvryYWMXrZAG7K8iE3o2p6oeBweknpzYu3ItfLN3O9b6XIeVeYpmSzmsTf9MtwWNkLRsUe0NUSol6-9glgQBeI7JQKqj4BEbrP5sgEaT3uzzwsC6JI&key=AIzaSyDqL2H_7mbVGT2KKiiAL6bgGIM866Grs-M
Nicola's Italian Wine & Fare,"521 South 13th Street, Omaha",(402) 345-8466,http://www.nicolasomaha.com/,"bakery, bar, store, restaurant, food, point_of_interest, establishment",2,4.5,"Laid-back osteria featuring familiar pasta, meat & fish dishes plus a spacious outdoor garden.",https://maps.googleapis.com/maps/api/place/photo?maxwidth=400&photo_reference=AUy1YQ02bXziAqZ0xJ9OPrQQ4-rlcaFjGJxfEhLtfiPzZ32a9vX7XTOWpogl7weQ8K6BRFQFDxyrj8BfVLHubjilofG2iUcpUqW154fB3RK8HZxRcTVZRC3WSEdKp2Z3a0iL8iVU36Vi7bNxVuYXN5vz39nIZxlSaU4GH3Js20oPaDedOZAw8Utpf1RbJzx7m3-KE9Pov2fSVnJanegz7pF5hS7dNR4JIq7bBJ0qOkyUPLDgTVPuwBggtKdia2onVha-haNq2ac58elkcR-bW24rZFTeiKFjVkTRmzLOHT5pdRNldJa4C4ta4wgHmd8VTLnmVhLB0I8RJtQUzBC7x6Adnu5uSy8vBmyhN14smQf9oyLGp9R0iS-43mydE0A0OatLCLtmWUYY7gohptd2nwegMJadXgCGnEZQkJA0eZoeDxWN_XYIzoau44tF-nhLM-pkR2l3jB8lBAkC1Mf32TDcnwbTqrhMx5HVyy7hUGbVDV7t78aSZUFx8PRJitGw4IqyJLN_3w5aMD1DOwIl2zZk-RvqczvPtR21PwzLzPmWZCRf3hEPu2CBf-k7s8Plku59g4xVl57d__eCv7tlrpePWMggiA2wPPh-z1I5YjTcFiRMNPJFafgqO3tNJ6r8GZft&key=AIzaSyDqL2H_7mbVGT2KKiiAL6bgGIM866Grs-M
Little Caesars Pizza,"7446 North 30th Street, Omaha",(402) 932-2898,https://littlecaesars.com/en-us/store/8910,"meal_delivery, meal_takeaway, restaurant, food, point_of_interest, establishment",1,3.6,"Carry-out chain featuring chicken wings, signature breadsticks & pizza tossed from housemade dough.",https://maps.googleapis.com/maps/api/place/photo?maxwidth=400&photo_reference=AUy1YQ2JKU2zGDXoXJQXzy6t12XuxpL4z7hDzMZz1wRikkK-xPLAOVs9cfd8EX1KpDKrLHfnxnauTJd1vERJDpOITRxh5tGfxT_1vIMM90AikJbPNwcC6aE5tHlEjABOk0XRJqcsIbmHJLE1XY16YHc6PbL4cmQTxsFo4V8rglUrmtGaiUPt2u-J1zFkELwLaNDRRuy_QkvUHC38bXloyDdnEioWJ33L81bdAgGcpCEJkEXm2wSB7v_9bH558AvtqgRsBGMDCKCGVsYm4wmkIcyxGvoUdKjYsW4FrMsIe12wRZ3Nix15RZS_-QVWP3n7a9EJ96NpiI0zYnM3bzORv6N7qOSm78XdqmBzbnxzqwEYglN9WVHg9AA2RCC9WCN0daMsje6cFO5qquG2XDy200RYXoJeBwOxMZWKuVxWcO24rRc7CJ-bzd-NsHZmwHegunz7lon_x9EXuBkIOW21V7F_L7A8eaQZDVzC4hyK7-v8KwxjId4eQR74oUFnLB0-X7Hv_7inMbfogBS5YOpUOa8RBkQrrPojzIOG7lY-7jEAXTVgfBoaZ31L9ZVv-rDqmOLHWLACNu8ECyuEyF4voeD4tQWzBIT7xKxxdUGTGaqpsJkqndhuVM6OsCPRlULx7heBUdVhY0Pp&key=AIzaSyDqL2H_7mbVGT2KKiiAL6bgGIM866Grs-M
Hiro 88,"1308 Jackson Street, Omaha",(402) 933-5168,https://hiro88.com/hours-contact/,"restaurant, food, point_of_interest, establishment",2,4.4,Branch of a local Japanese restaurant chain serving up sushi & sake in contemporary surroundings.,https://maps.googleapis.com/maps/api/place/photo?maxwidth=400&photo_reference=AUy1YQ24uhJ0zPUwnVi2PDlKHbxGOGL-SYhaoqJVyg7Ue628oL86WH8LqykaCaVo7sOhv4oEGPwfSNC4LfpW8mbNUf7UZIuyJ35nzgolNuYUvGFEvTj817fVNfB15GPtIFaTMZa0Cs9bQ3ZfLvGHJtlY0GvKB5Ha6IGCV7Uqr6sOjHrXB6sYtOcw2MW-d5rNtawYnW1tyBqf1VLokNllpehEKUKOFs2t1TETxtP8TGBkvKSVDUquWp_3l22aR6__s834lw_qTaXNJedw9abwYQ-aiyhDpJ58KVtRu6dPpegqUZ7x8UxVkLnjnrQruzDRndqi36_wXDap-t0&key=AIzaSyDqL2H_7mbVGT2KKiiAL6bgGIM866Grs-M
Crystal Jade Restaurant,"7255 Cedar Street, Omaha",(402) 398-1688,https://www.crystaljadene.com/,"restaurant, food, point_of_interest, establishment",2,4,Casual spot with full bar offering a wide selection of Asian dishes including Malaysian specialties.,https://maps.googleapis.com/maps/api/place/photo?maxwidth=400&photo_reference=AUy1YQ29HC0aa1vKLolxeWfyp7unly0RZ1tws4jo7HQFXx6Fq3rdE61VmStNPA5kg-5XEkEnb25H6GObooSOX7247TafEOAoXQh5hY9lW5KuGT5M3uAAt_L-PoglVgXjOVqb2n6p8B36M40HgMiLhQCuFBD6zFELdEjgSoKt4iGXzg38BiUlmbdxK_m3rOMUeAB1wMJEq0EmMIftBbzD2gEmSVKcqixoZDfVg_KnNj3H9X_rb5ThFaZRYLI3Txs99mXWkaDJKf74Nnu8DA4CFvqPqZrkB-Qns_mDlVjYlHHuM5W7MHTo898_PkRc5kqMFVclibyAQAKgsKQFCdvdIGJlOs1l4evRfeOq9bFuAI9-g9reYZQIcI4SUk6JaTfg48WIzhX01nSGfCKI3di4q-7o_nN1-JPb-kCA0JjBFv4F-44NrK7hZAUgbq5i9waO2aVow008YN6n91SFuagnyhOE8hnB7ytxSTjsVGHepilvO-h95LTT4O-EEZHunsbq8NAjGG-ywQzS3DeqJbkAW_SABFVHbqSMbU7BeSTqgiHrvMUoRe2z-ucrdoz8Hpx4opV7FWCAvohjcS-SAi48f7-7o2pm6uvxgrBsbL2OyqJKWDooAFUCUpHQx0nnz0F3L2JxWTzcrw&key=AIzaSyDqL2H_7mbVGT2KKiiAL6bgGIM866Grs-M
Subway,"3114 South 24th Street, Omaha",(402) 341-9449,https://restaurants.subway.com/united-states/ne/omaha/3114-s-24th-street?utm_source=yxt-goog&utm_medium=local&utm_term=acq&utm_content=11412&utm_campaign=evergreen-2020&y_source=1_MTQ4OTc2MDQtNzE1LWxvY2F0aW9uLndlYnNpdGU%3D,"meal_takeaway, restaurant, food, point_of_interest, establishment",1,3.5,"Casual counter-serve chain for build-your-own sandwiches & salads, with health-conscious options.",https://maps.googleapis.com/maps/api/place/photo?maxwidth=400&photo_reference=AUy1YQ0mTxfnWOEIcrHUwdddzuGrQ428yV3R6K5_ngA4Sa-qJiaNRXBEUi_CVC6OgrH4HRvsnC17emm4o5fk6_EyGWEzMkUCcufICg-0cvFyv9rCzFRmKwJFDAY9QNMVNbDXLDlegnwQmaEUWKeTcFj0jNwIPn_fZCYzE9sxWym_Xf2iNV_AuE-jzdVsjJmybA-03mqZO8bILSYDvhVKi8gBR5AgV7zHJ8WaBAeV1UHDfLp13Z06BlnUFOmAC6b8AHio1bJW92cpl43qm7Nre64gCu45MO-iiFfpfbiM15Mgh1TNpMmsuUWcFIqTl9l2UHznLu3h7aL4F-L2Ge34HHEtYK6EZWvRsU7yiThXFR31dUIgX4OIwL33obmB66j2xLVCQM-SM3ILAahu5OcJdFJV87SgRHvew3ryP7aDxMxGcnTQTcKRFE9s0-i__NJEvtUENkM1bLeGFK9Yt1hUkHIW7BPnMmohaPRhYGmkvlQi9mhXXWif-P4fbJFYwuAFVgOL1kPpEdBcITN4R583Eo9mG9cqZn2q3V-sGHuI5Prsew7Jwsjryh4PitJc35gmzG29XP5HLHZjR-yx9dWcsPsm--vKV4vn0eBsNQksgb_B7iXmDgbJ8ONcfjR-ro3Y-t6bDvGCfA&key=AIzaSyDqL2H_7mbVGT2KKiiAL6bgGIM866Grs-M
Subway,"4020 Dodge Street, Omaha",(402) 551-1081,https://restaurants.subway.com/united-states/ne/omaha/4020-dodge-st?utm_source=yxt-goog&utm_medium=local&utm_term=acq&utm_content=11144&utm_campaign=evergreen-2020&y_source=1_MTQ5MTYzMDgtNzE1LWxvY2F0aW9uLndlYnNpdGU%3D,"meal_takeaway, restaurant, food, point_of_interest, establishment",1,3.6,"Casual counter-serve chain for build-your-own sandwiches & salads, with health-conscious options.",https://maps.googleapis.com/maps/api/place/photo?maxwidth=400&photo_reference=AUy1YQ1vqRPauqP27eXhzP8E1cyJqxZlb67kA1I7njKjgEs9E0R5Py0j9BsLu972lmsp5bfoKNB63gCBL8uDw9ZPrfZAXDfbZ3ptbgNxLB05-6mC7B-TF0x4p5Eghdl0kdYgYh3DpGoFhSMSmlx6cQr3htkaTIBHZENRehH66dYpSf0hV8PIS1ZSAKZ000S9ey4b1qU0AJwK9WEDfJk1IGaJcgrtsvAr8sg2dNatSdJ80WNlILZDHjGWeji-gqOxqIoeFBwla0NB7skZAceYNs7GJ8-N_CUoOh2mVedhsaNRx7VW2A6oYuiceolPc36Fh7nNDrgorMT4hJgHH2rQIEr4YbnQzujTOMcTZCqczuKWSSEF_GqdFRpjuioHtAXZJP5KZTEYKf42ku-XtE4JO89YQGOTbmY0RwGDHOKRtJdxn9DjyfTlONTIO84GMAdeEjoZd-U6nPqauDogFJrT-tWVVaVJ3FMwxEyJav-5_LqH3WhbtPqJQHf0qkYg-7s0UwzjzzAdIfZ_GT8SqDigVlXXZzbQEqYhHiYfCw67w6AsTZguke781rQphc0UB4mqsv0QQzkcMXPcK5BYGKmvb9G-9SLtFhHW0tf8n-UFQzUEjKWSRWCRimsoXrMzv3IXJLzA&key=AIzaSyDqL2H_7mbVGT2KKiiAL6bgGIM866Grs-M
Subway,"2302 L Street, Omaha",(402) 733-8733,https://restaurants.subway.com/united-states/ne/omaha/2302-l-street?utm_source=yxt-goog&utm_medium=local&utm_term=acq&utm_content=27148&utm_campaign=evergreen-2020&y_source=1_MTQ5MTA5NDctNzE1LWxvY2F0aW9uLndlYnNpdGU%3D,"meal_takeaway, restaurant, food, point_of_interest, establishment",1,3.4,"Casual counter-serve chain for build-your-own sandwiches & salads, with health-conscious options.",https://maps.googleapis.com/maps/api/place/photo?maxwidth=400&photo_reference=AUy1YQ0nAogR0zQa19_0rZkzzCzgPxE8Ahd85tcL7NqJ6yua00ldaHqx7xssp4dzB5Nc8Wss5UOUr49uBsY-KPE5nEfT0vLCgkhynh_--B64YmcdH_LBJCFfllOi3tn2V9V_RFMZux_Xm-i66O9ciNyg6NPKsjxFiw4eTMKEv9gWJyxuoE-fMb1MKvhj5bkea8XMDhBw2BvIieXGnEe45IKAkTdT06MaH-hl7CcRIbp5Oh9s0JLw9HCqKSaEgO9GmOmfxaCnuwGZiSNwMMulJnHJg_HIINQqqZMBaeDrwxc0c3pQ3tHjLKrkafOCVADP4sjZcBs9umei2paOSqpinCsveR5-KbYxWWgYJVFObDV3UDYm-BK1wwlCb4YgiliRnWASS9bJ3MqyF2z_KI-V3Y09DiPZvEpkSVtW8hkYGp-NaAUCR4xHNzEPW0pMDgq3IpQetc1D0Plkc5A-UIJMCHaLG1-mC73fsQ-5koLhVIhMur8w7Rf3BTfhYuYylcS9apFzpTTQ3I_Xx7W9pif5bhocQwRF9EO65n-Gq4H1wsqTd0kyXALrZrdynqIcUBZSPKoKIUfk1Z_OXmR6mQh36L_ZBwa10_f8vEPyEXUNpLxeE4HeNfl2kWZq-iFutRtK75GlvE1__g&key=AIzaSyDqL2H_7mbVGT2KKiiAL6bgGIM866Grs-M
Buffalo Wild Wings,"205 North 76th Street, Omaha",(402) 343-9464,https://www.buffalowildwings.com/locations/us/ne/omaha/205-n-76th-st/sports-bar-24?utm_source=google%20my%20business&utm_medium=organic&utm_campaign=website%20link,"meal_takeaway, bar, restaurant, food, point_of_interest, establishment",2,3.5,"Chain dishing up wings, tenders & burgers, plus sauces ranging from sweet to very spicy.",https://maps.googleapis.com/maps/api/place/photo?maxwidth=400&photo_reference=AUy1YQ2Xt44g-Vqs9Y7boTo-rCemOtKOg7sHgncoYz1LbW9S0b3T0UL47jbcjl6OsQSLJMkNFDrctrVcblRww5XRKatjxm0dgSpy0wvV5kOtssk2QA3bAFq4q8bnqGEzrLGh6G0UUjuikE6xxqI8MNnxWNJ03DlLr9OYIdthyNwnSztpNIrSjFcSQlE5LBSRkj-0hYWIfpB_0mbxHaONS6Os616g5H_av8UUUT2JKHBaYjGoJ8SAEn15w0PodqLXImQcPqsaVRuXmUqaQt4qcaMrr3FCkgm44urR9rRSG1m1M0fbvi26by8EGRQHDDmpgQtVJVmaF8dhnpnjwOeAGXxeDw4hiOBYMHvOutQfYTKkMeJ4nJClKMsyC1rtMcRPJg-W40unGOOTXQaa8dHIdPla8V3nmOjLssvQ5zoXzBl9ltdAadeNKMIG6yeFB6R8Xzj9TnfcehX952wY61Z5MbPjUaBWULGzPhWtqiI0953D7rpMxjSFUfgU6XSmLBbR08hzn4j4YLDZZfU2SW0VVPQj6gkKArS05E_5lOa20U8VFvYl-mCbiJBN4GvLP3Vi9huaaQ2T2CiU_1BMwea8DwpQX7tVypZ4bNM0-Th0wFsmguPZSv-U7Xy7AgKPHJE0GuPpjLgbYXS7&key=AIzaSyDqL2H_7mbVGT2KKiiAL6bgGIM866Grs-M
Subway,"208 East Broadway, Council Bluffs",(712) 322-4114,https://restaurants.subway.com/united-states/ia/council-bluffs/208-e-broadway?utm_source=yxt-goog&utm_medium=local&utm_term=acq&utm_content=10813&utm_campaign=evergreen-2020&y_source=1_MTQ4OTUyMjgtNzE1LWxvY2F0aW9uLndlYnNpdGU%3D,"meal_takeaway, restaurant, food, point_of_interest, establishment",1,4,"Casual counter-serve chain for build-your-own sandwiches & salads, with health-conscious options.",https://maps.googleapis.com/maps/api/place/photo?maxwidth=400&photo_reference=AUy1YQ0i5N8icPBpjHc8RAsL-VHdakBDj-A8TzoNbjamAB9QZuetekFMKzr0Xfh4a5WmD7ENpecUXp50rGLy-RtmF3uHK0acvBqaXWBshAx3Ds_Tpc585B98glWXwtjJ3ERKAhx2VsAWbP6DbO31Cou-LOlnPfZLd0BxmB6_t7JulIByD29dgOvF_aHBabTMxeBEWd4DA28al2V7lAMgYIa5ptL9Gn7Ve46VQewwHB4qxc32JmuJFy0wnueINaILsjo1gMwtCJ9tcj4YOWz3WFNEEEznt1WJ1Jv96IkY3mZ0Q7dLVUi5tH24JjYiFOzy9FO7ecuIaSHKAM4&key=AIzaSyDqL2H_7mbVGT2KKiiAL6bgGIM866Grs-M
Subway,"3201 East Manawa Drive, Council Bluffs",(712) 366-1551,https://restaurants.subway.com/united-states/ia/council-bluffs/3201-manawa-dr?utm_source=yxt-goog&utm_medium=local&utm_term=acq&utm_content=36453&utm_campaign=evergreen-2020&y_source=1_MTQ4OTkzNzAtNzE1LWxvY2F0aW9uLndlYnNpdGU%3D,"meal_takeaway, restaurant, food, point_of_interest, establishment",1,3.2,"Casual counter-serve chain for build-your-own sandwiches & salads, with health-conscious options.",https://maps.googleapis.com/maps/api/place/photo?maxwidth=400&photo_reference=AUy1YQ15sTZzz7r5KxRJMUdcphqIVSWIkQw_ILI6TZ98kNOxnumH9oO5GmFevc8QO9aqy3tuItNyETui85LHeiTN3ed_JGuf9sZh9dCNNE_I9j5jTyCD5bhdTE1WEEPaNcEvb44Io6p6fV5gVEm1cuvwk12Utb2o3whvF8lABOck2l5MGV_as1f5us6Fp2eOBkHyBnxdUioBnoK-KfWbklrYxAeKTNFVraaGQxCVyj9JfSTQS2hgFNQFMvZ9361yNbKljPGz-CXWaLouaeQGaID7guwKcSbNInlggsEX4abiVOchVGXd3veo-5209vac_08pVutq2-jRCLDW22C1D36xkjsdsoAuOrRF5s6OskmtAWUoHsM34CPnf9lXVmbAk3iS1kIw98Xl5hcxmmRnX-_pgxmJRWh6RyKtZSJXWIWsrTlkk4d5t5eyUeSf4USfKND-M3rQd87On-0tUaef6EVZpc_H_iD-rw3eYCWdrU74muIq3CAipWm3sPuHQX1fMWDGGoGsBreBIFq53H2W5bU2ashyU1CsdqIp7NED5yOJiRWEsVzqYdbWKkFovGjaurf5uWnQ-sG5J9pjC7PCjvmJb8dbEcX5E3QiEd6AZQlSv5nDm_ZShGiTzxeMfEh5smHa_oL2fA-B&key=AIzaSyDqL2H_7mbVGT2KKiiAL6bgGIM866Grs-M
Subway,"1606 South 72nd Street, Omaha",(402) 933-5810,https://restaurants.subway.com/united-states/ne/omaha/1606-s-72nd?utm_source=yxt-goog&utm_medium=local&utm_term=acq&utm_content=41007&utm_campaign=evergreen-2020&y_source=1_MTQ5MDUzMjEtNzE1LWxvY2F0aW9uLndlYnNpdGU%3D,"meal_takeaway, restaurant, food, point_of_interest, establishment",1,2.8,"Casual counter-serve chain for build-your-own sandwiches & salads, with health-conscious options.",https://maps.googleapis.com/maps/api/place/photo?maxwidth=400&photo_reference=AUy1YQ0e2XbH1PClXI17IRInLLdDgg2Qprq5J54Ieig7PeKPFkWpipd55EIdRx-tp7roouRIakuIxY79z6xEONZxOFN24wP-C5sSg8QsS27BRRAS4Vo07U7zuj_JbJSjZG9MNqBp0vNTkUbX3cQQB_1n0Nog1bIGyV_uBgKspb0M549YoispykAoNPbCpgntZb-ZdrRnQIuXaAp6Ujy6dzyqJFvUutohmBLBiE4OJCocREqhgR3_8WtTP__K6RLJPwiK-9NmkwfRuXl3vQj6ppY6k95UkF1XXfF3mcolqhK33-MQ5d_xYjIxPF2gZA8JKZNFezocDVMwDoE&key=AIzaSyDqL2H_7mbVGT2KKiiAL6bgGIM866Grs-M
Flavors,"1901 Farnam Street, Omaha",(402) 933-4140,https://flavorsindiancuisinene.com/,"restaurant, food, point_of_interest, establishment",2,4.3,Corner Indian joint featuring Ã  la carte options at dinner & an all-you-can-eat buffet during lunch.,https://maps.googleapis.com/maps/api/place/photo?maxwidth=400&photo_reference=AUy1YQ1JNT3lCinLBsUICWDjgqGB6_wDEfVnFYGfWPy0kvQ5_cOWgInOrQbfsPc7AlXQCeXTfyBuP7fhVe0uIAN9iA80OWJvX1B3HUcLArtNZEMQspTd14piNxL10K18uaFk5yFcl6yYqyzlMzJm6Bv9ExOs3rLpAA29YXNFOLt39MNAjPvgqsdULVx5cQP9KuJex8CVyMz5SSLTRKciwItzA4UdNIXEZsAs3p2YElK3Ft6gofqLnxRjfNN9zycIXtrUYoFDb22OZCtN1mTFST_dfdwUApTbye1aLb_0f42d1M9TPKa9AWm13D2-DjZmaV0MRzcGKwPvbF4&key=AIzaSyDqL2H_7mbVGT2KKiiAL6bgGIM866Grs-M
Big Mama's Kitchen and Catering,"2112 North 30th Street Highlander Accelerator, Suite 201, Omaha",(402) 455-6262,https://bigmamaskitchen.com/,"store, restaurant, food, point_of_interest, establishment",2,4.1,Southern fixture with a lively feel dishing out signature versions of soul-food classics & desserts.,https://maps.googleapis.com/maps/api/place/photo?maxwidth=400&photo_reference=AUy1YQ0sl5Nq9SK2t1R5wqmTz0HIz9YlsGXb_JkaXXMJWm2CVEQpJXPudUESFtQc3i4g1Tt9o3DYkUCT_ZvOELLgEDx23Iuu6-aRylChk9L0V-vEZvXxBVO5egftiIhsidemDSlAYkKFKl-dYJDffG_olDKnZzhWhLK2VXSxNaY2iZ9gCvk6A2h3bsbumiHSu3QpgU61x2YSgp5xzhBvnxXMD5r438MPw9nnDMu8MXmuXIH1NJaDmasagIygUt02k0l4BKS6RXSviE0DJ3NlyBGCLq9jjh79nCGeHqbr_HEeNrwXlh4gMTKXXJA1imM3eC512xlR24hYuw8&key=AIzaSyDqL2H_7mbVGT2KKiiAL6bgGIM866Grs-M
Quaker Steak & Lube,"3320 Mid America Drive, Council Bluffs",(712) 322-0101,http://thelube.com/locations/iowa/council-bluffs/,"restaurant, food, point_of_interest, establishment",2,4.3,"Chicken wings & many spicy sauces star on the American menu at this casual, automotive-themed chain.",https://maps.googleapis.com/maps/api/place/photo?maxwidth=400&photo_reference=AUy1YQ32yu-kI8alMe4HhcEdP0fpSBEB1cWJst7nmSqLq-ZfNM3tsnDOvQuNy1pqdrxEFMmM16k6y0jo_S3Zvnetd3OEdH0SifTpRM-DXar2auopuYilbLvQHeue8Vgkmd-dnEvwl9iy9mUGxtJm3zfC4tVeXOihZ_UcLlHzMnwWm-OZB9A2FeHG04-1mOQ8YXS-vC9n1LQyL8bQTlRhWxImMC-D22z-PHwU7aKqnzku7V_Gsrt3e1JaH5z4sWR0puqwhRWmMhMcjBoRplF7REjExcchFfVavsn5ro-LdI0z74i-NyUZATAyu0rhY7Hlmg3OChD_OOilAL3f1YbHCrxzx3BHoFdvFsn3UdbBG3tWZFW6hF4eqQ4hOsH-gG-QpqhLjJVyZduCj39PNmiT2lVCwBldPpywfGk7xI0PsROOTyjBsSnEF1Gy4H2p0B_NnRa7V2G3faU_bFxlJMvEL69lNUffykYLwY5Kgdqlxv40ey-IENxghPkNeNPYgGXIQln7lOuwSWjA_zXXOCPidu_rUTqUTI70VlVeE22lC9vQJDasIefLIMYx6RHUZBxg8Cne6oY4M70RpH_rbIeIPRqM24_xYgX1JPO2ECJkXEWFsCA4Uvu68HSUKzIxYEhAkoOqmWhgog&key=AIzaSyDqL2H_7mbVGT2KKiiAL6bgGIM866Grs-M
Gorat's,"4917 Center Street, Omaha",(402) 551-3733,http://www.goratsomaha.com/,"restaurant, food, point_of_interest, establishment",2,4.3,"Local fixture with roots in 1944 offering steaks, salads & sandwiches in an old-school environment.",https://maps.googleapis.com/maps/api/place/photo?maxwidth=400&photo_reference=AUy1YQ1KGqopWNNfuctXK2YzKQO4LsOnik0UR4vto5A3PHxuX03Nzva9jLURBWGGIETZ-INzEv-BozTAwckw69c55vp9iTAaebHe9UMAGRslJmka9esmSakNwDAv1ZqZRmSF3jVuzUk8HPiExOeAXXqW5EpZLGdzXFtirFqobSK3w3ERPIbYOjKdbcsRURXT1okCEcdX1ZIbvhbZkbJEN6d2_xcT-k2FWdFhPnZ2subLo6QCyhQRQV0-tsnbg9-LXA62A4VheX9nJ0iBAG8Ycx5CiNGFBnAjEa73aJHu7bq0OKZ-s-6zLZ-lPw6zv5EnJHNxwg402BMv&key=AIzaSyDqL2H_7mbVGT2KKiiAL6bgGIM866Grs-M
Domino's Pizza,"721 South 72nd Street Suite #105 Ste 105, Omaha",(402) 614-7990,https://www.dominos.com/en/?utm_source=google&utm_medium=loclist&utm_campaign=localmaps,"meal_takeaway, meal_delivery, restaurant, food, point_of_interest, establishment",1,3.4,Delivery/carryout chain offering a wide range of pizzas & a variety of other dishes & sides.,https://maps.googleapis.com/maps/api/place/photo?maxwidth=400&photo_reference=AUy1YQ0jH3q6XqkrQRc26tCeX3cxg9vqm6Wr_nn0eNbQwZlMbeg35zbGz_IC7hxeYcFvgRq5vJDMqAVcBQutZZEVeswI3XqaYuEEHQ3u5dcLJFoLi7UURHEbd9khS4OFJRvZMyo8wP9dz1cS1jAKveHMr2xujg_SAiXq8JGJgALcmmldykwfjXbRHbUDOujx5Kexdvr04wQ35RnqLIIIEq0Prw9pODBpfCebvtiANyYBxgoA4LnkCsntyrsxJCHf9s8z7amQx_OkIeTPRc_pANK3Obn-uw08R1eG28Sba5pZ2FrvFPgRmOtGJaZxvVrqujK8jqZMcsVQDsRziPWleF3RQWKt0RZZNeRh0V3xDY81HG1R6yJJFxRzwlYi2xbJOsr42Drkrn01w6lHbVdCfD3QZ1WyGPpXyu2cL8ebjF_pgNu-9KTIw1y5ZTKlDvjhj0-NYt6WMM3CDGYW6S7xVGkGTf8n44sXdX87cJH8X-45q-AlGJyGQEfcm1-SK_pZ4s5gqPVHv90gWDL2GuKp3-cCOyW4c37ooCCo6Okjurfjj5WCDOvhIqmlr1fvkmTFzfO6EYs_fp6CqSHjpzqqZ5xbcSKNxdcQKhXefw_l1-kBYG18F-SZwZvro-e9f2wwY0CXxXcJuA&key=AIzaSyDqL2H_7mbVGT2KKiiAL6bgGIM866Grs-M
Orsi's Italian Bakery & Pizzeria,"621 Pacific Street, Omaha",(402) 345-3438,https://orsibakery.com/,"meal_takeaway, bakery, grocery_or_supermarket, restaurant, food, store, point_of_interest, establishment",2,4.8,"Long-running Italian throwback offering specialty foodstuffs, baked goods & pizza in casual digs.",https://maps.googleapis.com/maps/api/place/photo?maxwidth=400&photo_reference=AUy1YQ1wJ0TUAMBEZI2nckxMC15oiJWnLUnLYVBYHXJU-lUkHMkKBas6omYHq4vrXge12HlrCj6IzBXxe-CKWlbEJhzhaepalYLz-9vAiioBsPmEyS8A0Q3gTNzM3X-7JYs-vAEh-97c8HNsX1dOVpY4BMuIWa9JrwLLtjIhFogKJzNC_Iz2tUzBtnVbaT10_BIjHZJhxjCwuoCYHXcbFa69kNWkwNr393dKSy28BFUGjctHrGt4aW3kq9O6r7Kml0mpznJE0A_yYHNVCDM7Rn2W-gAHFf6Ugf3Ozk-O9F2a87OjG63ZL6nHZB9NyqV5Sa7WTO_syzjwp9pZkKuysg4amTshzgB-JnHo9yhbiGZtcaqy-xmguXpBxpRYWEvkMtcdwx_UsOoTwRZXHOGSCvU80yYDUQr0Dw8SRnrc9tOa3T8sHrjDy6M2O_s-NdromKojwjX1KY41hrnVoc3fG0S4pK5_O68BJ0YLrPxNOZ97t8sUerp_4_fN6mQu-V4dtxeaW7IJtH-ELw60aPxI1JAnDEWtbw7iHBESegtxg_CzMUszb4JkNfpnvyrv80SdvFYN79Hj08c5w0WspdfyRMvrMlIKQNBXC3ZoAPoRbZRT-C9bDhUcWbqzfE3KYvCGWXi0vb4M0ywU&key=AIzaSyDqL2H_7mbVGT2KKiiAL6bgGIM866Grs-M
Guaca Maya,"5002 South 33rd Street, Omaha",(402) 733-3440,N/A,"restaurant, food, point_of_interest, establishment",2,4,"Lively south-of-the-border eatery with seafood specials, weekday lunch buffet & dancing on weekends.",https://maps.googleapis.com/maps/api/place/photo?maxwidth=400&photo_reference=AUy1YQ1kNRbrBHIMInLF1vBb6aPCjK6wTO1egCDPjr3mZI66RoelYbJOD76syViumJWkfBhJBLOR4dFW9M4-gtv7zK8cMTjnhh17TVbRWS3EdkPPx-81K6mPYSo4289EoEPnEe-uKHsB2PzYRwchKtgmWVP9L5J78lqPDbi_O8ijGl4xpj7WXidnNxJcn7Q95HYh9hDfRuFcc1fD7EnxL09Ab9SyzbA55MjbklmT9Sr7dD-dOCrhipSTvaC9TRHWN-0jBqUsd_KCXwglCQ6NPdLJCNoEw3XvyE6L701LMqqO-68jSXxcqvLVOVqH0r6CmYSlMoItnYwJ3uRIyQLqRolfUztjxHRmBkfuUqnL6ornN6uHnDBYgxozTgJztUgThcsEdV2IX1-4nv7YRXvGLwEXzWBzTRF4P2BsyeHPr4zjmiegdPl9w0MmkewM7ZBgMVvn2OC3sUke3Ex1Be1ZvOa3G3YiaBltfWaHnlB-IOiscUbXw64IbExT_-rZc0wbsUrqAqW7lsgpYEOW4eNexiOYX_S8LqXWzPF1VotkR7DZWbcF5V--60SNJ-V2Rb5PyvlH3IBjzJrAegZ0s-NFDfiD-ffPvf5-FMQKb261A2ngoWU7UYi-EAiZUBh0wwsWoz4SmS58nQ&key=AIzaSyDqL2H_7mbVGT2KKiiAL6bgGIM866Grs-M
Pizza Hut,"7519 Pacific Street, Omaha",(402) 399-9898,https://locations.pizzahut.com/ne/omaha/7519-pacific-st?utm_medium=organic&utm_source=local&utm_campaign=googlelistings&utm_content=website&utm_term=291807,"meal_takeaway, meal_delivery, restaurant, food, point_of_interest, establishment",1,3.6,"Popular delivery, carry-out & dine-in chain known for pizza, wings & pasta, plus sides & desserts.",https://maps.googleapis.com/maps/api/place/photo?maxwidth=400&photo_reference=AUy1YQ3ypjJMqFXaEn5_-s0_t6qvs9qbfEQQT8AYnPJepmDBs_-w2HGXqNXRVe0ZEotIKPFf39-MmDq_ZclX1s_voQfnIcLFiERtyVApoTWY8hJg5o4U6rrIYbxgTWxXzqMBs47NzW2ZK6Ac3XhVrgE2umYxBTxCVvQsWgrcLW3N_eaXRu4Gpg3UBNVTOQ8NHoZ3StYOp7ZfuNPRBwwijtcjx07Eyh4ZYqFwMlDOHz-23irYTVIl2QmYoDy8fIlYTyif8H67ImNlP2f7eYPUymhYfc9L8r7sRDzqucP-ZWvZZXJlZtXSCNHK8zoA_nQXq5JNA_WDquu8P3s&key=AIzaSyDqL2H_7mbVGT2KKiiAL6bgGIM866Grs-M
Blatt Beer & Table,"610 North 12th Street, Omaha",(402) 718-8822,http://www.blattbeer.com/,"bar, restaurant, food, point_of_interest, establishment",2,4.4,"Easygoing watering hole for elevated bar bites, on-tap craft brews & a seasonal rooftop beer garden.",https://maps.googleapis.com/maps/api/place/photo?maxwidth=400&photo_reference=AUy1YQ0CrVTtsJzHfKP9wjIZ8xJZPciF66kbTTY1aB0MBFk3JFjVLifBIyLefCmi0IzcWBR9RDgWLuDvdCd07WqRpJj68k-i-uhp4kqVFAe8QULOrfcSrbvt7k89a0ysRj6LfisTQ8_l0HYCttZcKpo8CuULZ3ck2voEMIjd_i6SzaQZIXsiciCDFrrLq8Fmew_GAkM45P-s27S7F8EQLB5YsZ9oYmWOB6WAms_KJsOyyK9Sn-1D0M3QGqFt1cgxBMSjroZUMvlQh0XOlAWVBylokU1mSC3m9F_6lO5F6QIms50_baKEIirKzryuL5nSZ-3OK2IebRBLh1Q&key=AIzaSyDqL2H_7mbVGT2KKiiAL6bgGIM866Grs-M
Ahmad's Persian Cuisine,"4646 Dodge Street, Omaha",(402) 341-9616,http://ahmadspersiancuisine.com/,"restaurant, food, point_of_interest, establishment",2,4.4,"Snug spot showcasing Middle Eastern meze, kebabs & decor along with sidewalk seating.",https://maps.googleapis.com/maps/api/place/photo?maxwidth=400&photo_reference=AUy1YQ2h2yW5UZM0JaKAvZxY5gS7gH0lxvmyFYi7mClRsge_A3shV9dcDKxvaFqwD63z8IP_zISZw6jzIdu1SxEGa9s9_Wo-E0bMEWe4Rb0XFPFSvTthixKYatFjDNDo80FTfbTRxiI-2wKZ8XBHcRuzWaS1WGYHxuWIxFNhb5GwDfK3b6Dv2eFOEiM6H30cebyLkQK7t5qWuBKEx5FnP27B0FuQbyYX1EuBC6W97Q7zYj387d1jLQ4d1w6uQayVqDW9XhhrJvEIM69iJO6Rdd0mjmHlC66jCTyGm9_rQKhm8jWq-ipcDxLrglDNHoyze_pKprldDrx24iE&key=AIzaSyDqL2H_7mbVGT2KKiiAL6bgGIM866Grs-M
HuHot Mongolian Grill,"990 South 72nd Street, Omaha",(402) 933-9550,https://www.huhot.com/location/omaha-ne-72nd-st/,"restaurant, food, point_of_interest, establishment",2,4.5,"Chain restaurant offering all-you-can-eat, customizable stir-fry dishes in an informal setting.",https://maps.googleapis.com/maps/api/place/photo?maxwidth=400&photo_reference=AUy1YQ3_kDbg3u1-SlwO3zuqIF-_L5OVz5tH0jxRF1zo6_LEzBjyhEThFBWcnEoMcNys492OgXy95bAwUPKBQ6kR2o9qDYKN1P5FLeOPtoV8xzkBxT6dpi1Cw7L52a0a80bONDZUI6B_BgL367rBZOpjxa2NnTAWpNvBzzxN7vwSZnyeFau8xdxF9muJZ-bWZIkmIJ2Q8cbnUPdFkVLyo7Rzx6Ehr5RUUM6eufTD589K9eheF6fU2zLHjH3retd-gW3RzPtR6DypYjgBZcm284ZmWl3q5_-g9dwa39FW9XPqnAj6OH50EBC0FP2w9dcDoORtSnFtOw1vEXvHpyNpgaVj5StFSYY-Xd_hBtMHxYuDQmL-xDCRhHkrTwW0Advao0ClEI7FsIy6WYwKIlUguT67ny7h-OJwPr76TRRculDN8JoiVfB1EfyxwCe1JSlt1JWDIzy51gm5LIgG6UvsGVP04FXw1wJk1bT_9FaEPXHN3gLzckT4dZ6ZRF99VlzPZbxwz4B0sbCMlCbmijYI2UeeJ4XdjSnMs1UZOYIuiJ6B4I7ZdiYgz-3-O2TvAiMPtknUzI8VI4JJMSxLW1RKpBdO8FpbRIa2dkwX-J2HEYCl8X5tTE3WIY4BE5IQ00gnoZ0FZ4qtFoIV&key=AIzaSyDqL2H_7mbVGT2KKiiAL6bgGIM866Grs-M
Greek Islands Restaurant,"3821 Center Street, Omaha",(402) 346-1528,https://greekislandsomaha.com/,"restaurant, food, point_of_interest, establishment",2,4.6,Veteran taverna open since 1983 featuring a whitewashed decor that matches the Mediterranean menu.,https://maps.googleapis.com/maps/api/place/photo?maxwidth=400&photo_reference=AUy1YQ0Dqy_INzl3pH1-dlLB52ITMG1fKaiPVYHmC8JyVKuIJ7_hpuB763-wpmNTW4hfuIz-aE0y85VbspWR9q3icTWYxI33N095bmeAPVeSrlsjvTqeB3phbG_HF0MKJxRp04GU6eIhgpfREicgWw6kZHPLXZzG0RaMJWy-URlFJ8bCeup6rGd7rfKd9Hz4wOWePEhXa64BY2h1OhV-TqIO8v_sNdkVuDMQhx-fwZGFJ1fdy7FsaxWIUUCk5XKbnNbrF3cc-vT2aKeP-b0C0syE-8YI3RJJD7RHxiUaNw9yfq-C0GZTTDLeUwK-ZGWMAHpjtvowMjPAIW6uZQ-wM7xedYu_KGjIjppcqYI8bhAtDJtbfxFQP_B4wfjTHXPztu3JH0HL6ZmUJbBDonXZiFmpvYoVw8i4IAPzH1ThILhR8ZynoLLDN3Z-i05AEVc7iSqABkPbIQeElwPTKjP0jO_6KFa-hrwEs_45gqmHRdF2V0J6G960McRL8jTst19YkxAfqECpixWpQ8DqVsdmsUmrfEk9NMSTeWjR68N6JchCzKfWwCvaQ2hCx8kLeuGNAYqM-4xRW6xLsAehGXGtPfqp5ikbWRt7wmPLmERXnhBr4wfFr2yYgRdC-Ayx1sUO9pnDExyiOA&key=AIzaSyDqL2H_7mbVGT2KKiiAL6bgGIM866Grs-M
McDonald's,"122 South 40th Street, Omaha",(402) 558-3300,https://www.mcdonalds.com/us/en-us/location/NE/OMAHA/122-S-40TH-ST/1828.html?cid=RF:YXT:GMB::Clicks,"cafe, restaurant, food, store, point_of_interest, establishment",1,3.4,"Classic, long-running fast-food chain known for its burgers & fries.",https://maps.googleapis.com/maps/api/place/photo?maxwidth=400&photo_reference=AUy1YQ1tHkwJrVogi-S8E2H0pT60FEyZ_ugCL1Oxtx53wsZaMc8DmSZmeY-QTTyV0pSXx0zWqIS1rZgrs6ZIOoKEUpvhBSDTk3ErnAZsC94hlkJ2WDSh3DiBSjYZr0QsBMn8AqdXouc-1Obcvd15tkhEOBhZpl_-SwxSLLvn7ORQAsuw5HmdGRTNrBaBsrc-opTJ7brnsaC9edOlrjpNUg1Oj1zDjNY4exlPCeOgrWDka0i3MN1_FJrGucL8dN0f4useAz3FSLJyfG8fnRoVHd6zG6EAcNg01JIYeDK9DgczYNUqI0ipu91gqIH2HbpkUaTYZ8kxU_1Vz6l2Q4Xokcb3AMc6KtMNRqS1d2cTx4zFu0w6husvkKwDNbam_aEbHmiuemvmiyKHZbpEdXdFk5KhDtgaEUUow_v_F84TvRrT8NS5o-PP1LauIkAGCOka6UUFRGZdhmBumPmkRNE7AWKS5tKQ51GR6Ef6AlmSB6JtZzOhy1XCEPm26F5mN_VEioBA25ozNCP-vpa19o8Ye0NQJfFPXPqCLVgZKKUSwgmy1nDnnKnF4xZJK_qOyB_pdLYpyofFWDXsrZqf6-k9017lOMyHUtEpm-XitOFImhz8rqZd9z9Efjqmpb1KXx_ZOu72grKrUg&key=AIzaSyDqL2H_7mbVGT2KKiiAL6bgGIM866Grs-M
Zio's Pizzeria,"1109 Howard Street, Omaha",(402) 344-2222,http://zios-pizzeria.com/,"meal_takeaway, meal_delivery, restaurant, food, point_of_interest, establishment",1,4,"Down-to-earth parlor featuring hand-stretched dough for pizzas, plus hoagies, pastas & calzones.",https://maps.googleapis.com/maps/api/place/photo?maxwidth=400&photo_reference=AUy1YQ0E8ytht2lt-JZpaplKh4w0aSGsWkVVmu8QINahABYj-n_OnVVrn5vzNRz3i1fVFSw461Qo8kND0Hxc-0h5cfoXbVdLf7e-BIOox7D0Pu5l9yLbO9XLmppg2yHyE_NcpZN_rtKCGx76uxl-8aaaXV5WuIRgvJlLbBaYdWqX1neD3tamCYbOZULQTWjGJ06QhNEgPwQaNzkwKlc3jKHEDqohDe8ilrf7OSscmDdDEfuqpGUfDlSMyxAOkLpMj9Y7UhtnP0CISg6UjnufjjIXVyap7dSJfrWnQAF__bXFdEFIryWF5Z5-LZQe0Hrw_RaQkeAmAXfFUsodzLgX3LqVotZmBglYfkntlj61yJ7_EK59u7zJ67Qt4go5hLZAvc_vgO0p6t4V7FmDEzxrISOLQ0XWCl3ngXXwRb70mZuVz3Jw5PFZmSjiRzbh4F2sgmNzA0nF4DhArdk0l6YKNmA0PEx23kk1YPkC6MUCsXGX2KtSn3-N6UQA7lE3nex-3VA8bTuzpy_K4hwaVZBBMGV6iH3NhxpmuAV1mU4eXkXNf0DrHCC3ZdGuJNLD-DqxEmx82M5pHyJSkSOE737CcbrdBCxxkmX09v3GJp1_KGXRGzXUa_NIeLV6p-RpglOi0my2gGzGVw&key=AIzaSyDqL2H_7mbVGT2KKiiAL6bgGIM866Grs-M
Domino's Pizza,"2728 Saint Marys Avenue, Omaha",(402) 345-3030,https://www.dominos.com/en/?utm_source=google&utm_medium=loclist&utm_campaign=localmaps,"meal_takeaway, meal_delivery, restaurant, food, point_of_interest, establishment",1,3.5,Delivery/carryout chain offering a wide range of pizzas & a variety of other dishes & sides.,https://maps.googleapis.com/maps/api/place/photo?maxwidth=400&photo_reference=AUy1YQ05HA4nKIPc1D2MzGN5zY677Ujc6F2AkibVuxZvCNuPyWFTb6CLs3p-utG7P4t4sdhuiwhmglcJ5Rt7470rLPg7PSBD5hA2nnitnmOKS03Hgfw6VzGIO5wjNch7BT3lGQycTYvQ-lxBRAuvW5BAjnBh-DFQAw3JNFrflsoZW7FxPAZ7y5-7rP2DwdYnh8n8xj3ADI3pGn_Dif58l-etXXMq10XoVNES5TdRKyKAqrAF2Jr2tEA0Fs-PXcrdeb-3Zdo9Fn0I4gMH1_IRMnCJlWve_a6yTvGJopWTYvIRyPLOnTgLycRrMZjBIsdIl83AColpUnUONF4&key=AIzaSyDqL2H_7mbVGT2KKiiAL6bgGIM866Grs-M
Subway,"4455 North 72nd Street, Omaha",(402) 573-5779,https://restaurants.subway.com/united-states/ne/omaha/4455-n-72nd-street?utm_source=yxt-goog&utm_medium=local&utm_term=acq&utm_content=24829&utm_campaign=evergreen-2020&y_source=1_MTQ5MDE1OTgtNzE1LWxvY2F0aW9uLndlYnNpdGU%3D,"meal_takeaway, restaurant, food, point_of_interest, establishment",1,3.9,"Casual counter-serve chain for build-your-own sandwiches & salads, with health-conscious options.",https://maps.googleapis.com/maps/api/place/photo?maxwidth=400&photo_reference=AUy1YQ2pEBhP1TjUo3R1KRR4PiMCTNBGBG3PrHXHQhw6lZsmAxLqb8IGMhzIw2TGm847xiDlHEf03dxsACSNCDpJ7fgTgk-_OXWP1RNfQUjdyISMioFGYnhvNmQVrCyhrwe4WwgUOZ6eoGQygVo8wT9lqf6xN0ah5pfpLJULLIt3NVYD56Vtj13ow_H5tzzq-A2A5Itd2g1AhCa_0jqfIoXOn1Ye4PDx5DCKSw4ltnfiTRDEbWCx7db13C6di-BChzNXLqlfHku967HqAgkCuGxeeMBM_prqFuOv00hlsSTeHKSRZPTBVchtNzOQdvGv9nCQJaq164Oxg3vAfmhxEX_t_e_UxawctZ5DjKKUqY9C7W66nBWcyaMqUF9nPcH5xKgIXI2HZTjDFAeVRDCppZtid9TbLyD_O54DTNrG6K5Z820ZGP_GOGUuiZP-gdly4W_Lp3DzbkrE_p3i2wMeZet7deNrBy0WYJ3LYCpcZhkiuUFka8WpMG8FJTz4CMfpZstrH0z9bps1lJVY8vOzsaTuSs82zFcqzsnXJu6rAWCia0RZ-tLcrJuQ9OsYUT_pP1MEl-yeZGIkzmGs_dOvmTp-1GRTxinguF8GSzgJzZmRv4KjjaAJtI7iMC9GPF25E6wZofldApKy&key=AIzaSyDqL2H_7mbVGT2KKiiAL6bgGIM866Grs-M
Mama's Pizza,"715 Saddle Creek Road, Omaha",(402) 553-9270,http://www.mamaspizzaomaha.com/,"bar, restaurant, food, point_of_interest, establishment",2,4.5,"Long-running local chain serving pizza, pasta, sandwiches & American entrees in a casual setting.",https://maps.googleapis.com/maps/api/place/photo?maxwidth=400&photo_reference=AUy1YQ231l_W9iBcPFQc0h1cDo02NDadrd7mmCY8UlQvs4Ij1mtIQwqkQSJdiyVFNdLdN7Wpk9r7CvqxlKor1UVbBzM4cuwEL-jN2_ptFu8zh9PxgM5efb1k0ASjfawHU2lNjoyA_LofOYoIo0Z9DfPR4droJWBbl6aYS7wEkyv78pgfX02ON81UQsenApNACGTdnAz0V0J15vnJLvZjm9pJQF2oxFPf6Rkg2u5xOsY4mHZDMD7HC1QSMUfs44gRFbNiuzUox098v4BGBFcG99xoi-9i18v4cGShR7RMShr7pm6xWX6uhoSHJwOrxmeOxbOGjiAXX9bXpJN0YwpDaowfFtC2jqk1IYnywvHh4ne7Kq-hhQfX2M-d6EY9v9KHJfKOULNTAgpCC_QQERxdHr0W_RLZZ56bNV58P72mo0XwNMfdx6g7yKfYLNHGTsa3N4bIK6nTaFVehZnD5VTK9MnGj-7iRRT1rKi4yR71oVqiH_Dw07f4xgI8S8_3wHMRtunosrksmqHS_ak_qtjmyZVnelvwXooSaSM6OTvF-Gvz6Euw8cd6v-4fZ2ateWC1c51c_XO9bpcRPcbo8e7SX7r_sHnKXRhTwcii3M8MfLeGpF73KmmFiw3TZMbMxbm6X1y218XclQ&key=AIzaSyDqL2H_7mbVGT2KKiiAL6bgGIM866Grs-M
Mantra Bar & Grille,"6913 Maple Street, Omaha",(402) 933-1666,http://mantraomaha.com/,"bar, restaurant, food, point_of_interest, establishment",2,4.5,"Low-key, contemporary bar & cocktail lounge with updated American pub grub & TVs for sports fans.",https://maps.googleapis.com/maps/api/place/photo?maxwidth=400&photo_reference=AUy1YQ1HEOLdY4DBvQxIkwk1zIBpeiz-u5eo3PC2v3pXhvBV56oCgTuRiapaiecZB4V95-Vf0ArCsreE7TSD05xXc53UEe5ZmkQffZLQx6zQFyem2OdGtNBETp73r4JtR7iTNx1rCTdpegGISZneDNW_gwxtTa-ngPo2UwrKQGcHag-FwU-lI1Lb8Wp67mn-M9QLZwyXZovoOs2Nu5sC2bF1FF-EGp2afsPYU4c_PdEbF_IvzIVKLyudoH4FVT6ywDGvF-6539P10z4funVYe11nJOEkvQ55DiPDUhUMHWsH5AvlYuZJdSsbwPkx8aivdVI2L_W5KMFS8Ary_7q80Ci0yhrGZgC5yzwzSQkoIuWSAmnld8QraerLxOw1MFcvC1T1OwxsvBT6u-Qft5NLuffUQ9i9DkOBwU5NbstD5DO1kXpAk_MkqH_S4NemV9xT09y2GyJZ-vrkF0M0G4mInGuioBJo8P1-N9SDxtPOkKW7PZBstig-8w1VG1y3jRzR-uTtnK3A615U1LYPezyLequUVFkcmjrlPJN9B0YQbskmGhWMQZEZwAZho7K4gVtLhPU5N56C9AhBe7R86GzomMhM24J84-prdMWvOmQTY3NLUs-cwGm_aHafjwAyff43eDxmXmyvmg&key=AIzaSyDqL2H_7mbVGT2KKiiAL6bgGIM866Grs-M
Omaha Tap House - Downtown,"1401 Farnam Street, Omaha",(402) 932-5131,http://www.omahataphouse.com/,"restaurant, bar, food, point_of_interest, establishment",2,4.4,"Laid-back sports bar featuring gourmet burgers & other elevated pub grub, plus craft beers on tap.",https://maps.googleapis.com/maps/api/place/photo?maxwidth=400&photo_reference=AUy1YQ0XU3mNeQfPPWzDY8YTFcP1U_RDj68-wB1lDyeqchO-SQtYMA_3T7TjsL154PgPuAzhwtrNKsPbrIA8fbaD94FJD0xp1-u46FDyxoG908OOLRTYpZ82gsGnSs1L-wNjCxJVJnWT_B23M4TrtclYOfcEGnK2g0i_rpyUTXxYgeFhbs6ECT-ZOwDFO6hEYc-zNQ8nERm7CNTXo1f7bIIOFBugR-ZpZPS2yKlKJprsgq_B72SI18bdVIpmuLguPzm8m8PLxtDi1CQR8AFQKq_mAkmvuTSDZvvp_2EvIOMY1z0sxQuLrngrQfVVMjA-_spOPN9T1DE1n0YMj3Q6OoyWiTxbCtvAypeKX5VrDo1Ubk1C6kEGTjbXT5UB7ZriSdEeRlVbXgwYdlJb0lHCJBHnOtWSbEDYv6TgUXXUlAWTWKDtZJzXAXJeqpF0DAyAg3Iweo0UMOku7sJbF5Ax75_BoG62fv8AFyOk8tEJlvGSrH5a_VQ1obbpONFb8LVmjDwEQfazB7TE86PRBao44-wBpT-b6zEln6W27xY7EFTfJFeB6b-itFg4AU7QQA9O8yWW-iNg2WirHj_-8qi8KVt8rpH59zpKDxf_txb_zqm1xT9aC_0tbojC_QBpN1bv5DlLxDVtsQ&key=AIzaSyDqL2H_7mbVGT2KKiiAL6bgGIM866Grs-M
The Boiler Room,"1110 Jones Street, Omaha",(402) 916-9274,http://www.boilerroomomaha.com/,"bar, restaurant, food, point_of_interest, establishment",3,4.6,Rustic-chic loft eatery with a wine cellar serving craft cocktails & inspired New American fare.,https://maps.googleapis.com/maps/api/place/photo?maxwidth=400&photo_reference=AUy1YQ0dJfE1usJiTVB0DBjykDlLq19-tC2nmY6uXGTzRN-p4OqVIkdAME-w62GfHWerdChQyjoXm_yVosoQbcowRKelIbaDOBvx4bXXHRick9uQzrmI1RymsS4QBsSdSJ-ZiCesQxtvD4I6NiSlywk67q8rgc2lriHLtXvDdDOsjyWr15IDdWrW1TqwAk1REj7YCyuTok5LmpIEtJAIRhAQfFWMbkT5Bxtl-_qZ8D9lyVb_yBf41Kxumoja_Cs7wYc5j_7oK_ppYJysCymOdMJYuBGA3OLMNF1MEQoL99UGtBF6K8FyCOcQaSxs2g2amL2WoHxIpIMrENQ&key=AIzaSyDqL2H_7mbVGT2KKiiAL6bgGIM866Grs-M
La Mesa Mexican Restaurant,"3036 South Expressway Street, Council Bluffs",(712) 256-2762,http://www.la-mesa.com/,"restaurant, food, point_of_interest, establishment",2,4.2,"Local chain serving traditional Mexican dishes & margaritas in a vibrant, informal setting.",https://maps.googleapis.com/maps/api/place/photo?maxwidth=400&photo_reference=AUy1YQ0bwCim_1dl9gQr6S-_rTQ1Svbd6JFc2PcnpXc1YAET-KjnPF9gT36_ICHI7r7TbkONTMRD3rOADg_afmwlOPu_ikNQZAt5ODu86peli4NHRwnj_9FKRAVYuCYFUg0IblZlNVaagABo4ht5u6AFahQqlO5ukzzNgjrl_em1Og-tgMiC7crFKJyWa32lzucyIqXQ3jziGeiGvV4vCNos9SHkiewgPKxQ1H6dIxKQvOlnnRllqVM4h814quD_oYB8w3mgS9vtx1qrwAXtKw58qcTKOePEU-3B6A63kcZAAY9_JpRs-UwWA1jQxXwB5f0AXpxBs1aztps&key=AIzaSyDqL2H_7mbVGT2KKiiAL6bgGIM866Grs-M
Sakura Bana,"7425 Dodge Street, Omaha",(402) 391-5047,https://sushiomaha.com/,"restaurant, food, point_of_interest, establishment",2,4.5,"Local haunt since 1986 serving sushi & classic Japanese dishes in a serene, blond-wood space.",https://maps.googleapis.com/maps/api/place/photo?maxwidth=400&photo_reference=AUy1YQ1NVIbduokbRfqzaDcTUr1mgzMIZ6fFNgIgE_Ty5mYB1VtiW62936BngmbgW2e8GQ_VaGgxgDCk_sk1rXJEWWe_13OQbRBPAvO5Gb34m_nB_d6NzV0_XLMGcPZTcxR_shBY-hI2FTRm6NHiNKMlREYMdMiZMn1SqpN5Eo0pBZwV2gG6u9ah7Tp33Tm13ixmouHAqpN9BjMKnCTvRP2pbvuGR0t5gr39rxJsOgs-tq6A1dBhE3nIzeBcAUcYTu4hUSbtX_uzbkcFRcXLanFWfR9z60eI7yTQyLfj4X1HWw5iVRD0K5aNFfvPxKruyV1S5avKzwDL8XlwoNM7SKZLU9JVdxfymeHTI5mVndQL1ZoIIr65FfR6jTjOr0KpYMIMLZaatd5U30M9BhJPyCYwmjfBDIehwyNkRJbmxkEE2f--lF2xBePw8Pc4cfcHXYGwE9e5WSCGddkn5Dr1goziPwwbPWWj-wyZWR2eKyOoFSCYQFH-veQmq6QZLB-N_spydLn7N8rol_0WfPfPZOqzQ8n3qa_-Y9AuAU_z9GzxBQXSOGvCcKtWE5jcig8lPMMyIdHu-sNQ7jACSw-m8LJeyJbL4mgJTEzQGfHE8jsq_Tzg6BdlnTEoZenP82_pP_iCt_U2nfbr&key=AIzaSyDqL2H_7mbVGT2KKiiAL6bgGIM866Grs-M
